"datekey","fulldatealternatekey","daynumberofweek","englishdaynameofweek","daynumberofmonth","daynumberofyear","weeknumberofyear","englishmonthname","monthnumberofyear","calendarquarter","calendaryear","calendarsemester","fiscalquarter","fiscalyear","fiscalsemester"
20210101,"2021-01-01",6,"Friday",1,1,1,"January",1,1,2021,1,3,2020,2
20210102,"2021-01-02",7,"Saturday",2,2,1,"January",1,1,2021,1,3,2020,2
20210103,"2021-01-03",1,"Sunday",3,3,2,"January",1,1,2021,1,3,2020,2
20210104,"2021-01-04",2,"Monday",4,4,2,"January",1,1,2021,1,3,2020,2
20210105,"2021-01-05",3,"Tuesday",5,5,2,"January",1,1,2021,1,3,2020,2
20210106,"2021-01-06",4,"Wednesday",6,6,2,"January",1,1,2021,1,3,2020,2
20210107,"2021-01-07",5,"Thursday",7,7,2,"January",1,1,2021,1,3,2020,2
20210108,"2021-01-08",6,"Friday",8,8,2,"January",1,1,2021,1,3,2020,2
20210109,"2021-01-09",7,"Saturday",9,9,2,"January",1,1,2021,1,3,2020,2
20210110,"2021-01-10",1,"Sunday",10,10,3,"January",1,1,2021,1,3,2020,2
20210111,"2021-01-11",2,"Monday",11,11,3,"January",1,1,2021,1,3,2020,2
20210112,"2021-01-12",3,"Tuesday",12,12,3,"January",1,1,2021,1,3,2020,2
20210113,"2021-01-13",4,"Wednesday",13,13,3,"January",1,1,2021,1,3,2020,2
20210114,"2021-01-14",5,"Thursday",14,14,3,"January",1,1,2021,1,3,2020,2
20210115,"2021-01-15",6,"Friday",15,15,3,"January",1,1,2021,1,3,2020,2
20210116,"2021-01-16",7,"Saturday",16,16,3,"January",1,1,2021,1,3,2020,2
20210117,"2021-01-17",1,"Sunday",17,17,4,"January",1,1,2021,1,3,2020,2
20210118,"2021-01-18",2,"Monday",18,18,4,"January",1,1,2021,1,3,2020,2
20210119,"2021-01-19",3,"Tuesday",19,19,4,"January",1,1,2021,1,3,2020,2
20210120,"2021-01-20",4,"Wednesday",20,20,4,"January",1,1,2021,1,3,2020,2
20210121,"2021-01-21",5,"Thursday",21,21,4,"January",1,1,2021,1,3,2020,2
20210122,"2021-01-22",6,"Friday",22,22,4,"January",1,1,2021,1,3,2020,2
20210123,"2021-01-23",7,"Saturday",23,23,4,"January",1,1,2021,1,3,2020,2
20210124,"2021-01-24",1,"Sunday",24,24,5,"January",1,1,2021,1,3,2020,2
20210125,"2021-01-25",2,"Monday",25,25,5,"January",1,1,2021,1,3,2020,2
20210126,"2021-01-26",3,"Tuesday",26,26,5,"January",1,1,2021,1,3,2020,2
20210127,"2021-01-27",4,"Wednesday",27,27,5,"January",1,1,2021,1,3,2020,2
20210128,"2021-01-28",5,"Thursday",28,28,5,"January",1,1,2021,1,3,2020,2
20210129,"2021-01-29",6,"Friday",29,29,5,"January",1,1,2021,1,3,2020,2
20210130,"2021-01-30",7,"Saturday",30,30,5,"January",1,1,2021,1,3,2020,2
20210131,"2021-01-31",1,"Sunday",31,31,6,"January",1,1,2021,1,3,2020,2
20210201,"2021-02-01",2,"Monday",1,32,6,"February",2,1,2021,1,3,2020,2
20210202,"2021-02-02",3,"Tuesday",2,33,6,"February",2,1,2021,1,3,2020,2
20210203,"2021-02-03",4,"Wednesday",3,34,6,"February",2,1,2021,1,3,2020,2
20210204,"2021-02-04",5,"Thursday",4,35,6,"February",2,1,2021,1,3,2020,2
20210205,"2021-02-05",6,"Friday",5,36,6,"February",2,1,2021,1,3,2020,2
20210206,"2021-02-06",7,"Saturday",6,37,6,"February",2,1,2021,1,3,2020,2
20210207,"2021-02-07",1,"Sunday",7,38,7,"February",2,1,2021,1,3,2020,2
20210208,"2021-02-08",2,"Monday",8,39,7,"February",2,1,2021,1,3,2020,2
20210209,"2021-02-09",3,"Tuesday",9,40,7,"February",2,1,2021,1,3,2020,2
20210210,"2021-02-10",4,"Wednesday",10,41,7,"February",2,1,2021,1,3,2020,2
20210211,"2021-02-11",5,"Thursday",11,42,7,"February",2,1,2021,1,3,2020,2
20210212,"2021-02-12",6,"Friday",12,43,7,"February",2,1,2021,1,3,2020,2
20210213,"2021-02-13",7,"Saturday",13,44,7,"February",2,1,2021,1,3,2020,2
20210214,"2021-02-14",1,"Sunday",14,45,8,"February",2,1,2021,1,3,2020,2
20210215,"2021-02-15",2,"Monday",15,46,8,"February",2,1,2021,1,3,2020,2
20210216,"2021-02-16",3,"Tuesday",16,47,8,"February",2,1,2021,1,3,2020,2
20210217,"2021-02-17",4,"Wednesday",17,48,8,"February",2,1,2021,1,3,2020,2
20210218,"2021-02-18",5,"Thursday",18,49,8,"February",2,1,2021,1,3,2020,2
20210219,"2021-02-19",6,"Friday",19,50,8,"February",2,1,2021,1,3,2020,2
20210220,"2021-02-20",7,"Saturday",20,51,8,"February",2,1,2021,1,3,2020,2
20210221,"2021-02-21",1,"Sunday",21,52,9,"February",2,1,2021,1,3,2020,2
20210222,"2021-02-22",2,"Monday",22,53,9,"February",2,1,2021,1,3,2020,2
20210223,"2021-02-23",3,"Tuesday",23,54,9,"February",2,1,2021,1,3,2020,2
20210224,"2021-02-24",4,"Wednesday",24,55,9,"February",2,1,2021,1,3,2020,2
20210225,"2021-02-25",5,"Thursday",25,56,9,"February",2,1,2021,1,3,2020,2
20210226,"2021-02-26",6,"Friday",26,57,9,"February",2,1,2021,1,3,2020,2
20210227,"2021-02-27",7,"Saturday",27,58,9,"February",2,1,2021,1,3,2020,2
20210228,"2021-02-28",1,"Sunday",28,59,10,"February",2,1,2021,1,3,2020,2
20210301,"2021-03-01",2,"Monday",1,60,10,"March",3,1,2021,1,3,2020,2
20210302,"2021-03-02",3,"Tuesday",2,61,10,"March",3,1,2021,1,3,2020,2
20210303,"2021-03-03",4,"Wednesday",3,62,10,"March",3,1,2021,1,3,2020,2
20210304,"2021-03-04",5,"Thursday",4,63,10,"March",3,1,2021,1,3,2020,2
20210305,"2021-03-05",6,"Friday",5,64,10,"March",3,1,2021,1,3,2020,2
20210306,"2021-03-06",7,"Saturday",6,65,10,"March",3,1,2021,1,3,2020,2
20210307,"2021-03-07",1,"Sunday",7,66,11,"March",3,1,2021,1,3,2020,2
20210308,"2021-03-08",2,"Monday",8,67,11,"March",3,1,2021,1,3,2020,2
20210309,"2021-03-09",3,"Tuesday",9,68,11,"March",3,1,2021,1,3,2020,2
20210310,"2021-03-10",4,"Wednesday",10,69,11,"March",3,1,2021,1,3,2020,2
20210311,"2021-03-11",5,"Thursday",11,70,11,"March",3,1,2021,1,3,2020,2
20210312,"2021-03-12",6,"Friday",12,71,11,"March",3,1,2021,1,3,2020,2
20210313,"2021-03-13",7,"Saturday",13,72,11,"March",3,1,2021,1,3,2020,2
20210314,"2021-03-14",1,"Sunday",14,73,12,"March",3,1,2021,1,3,2020,2
20210315,"2021-03-15",2,"Monday",15,74,12,"March",3,1,2021,1,3,2020,2
20210316,"2021-03-16",3,"Tuesday",16,75,12,"March",3,1,2021,1,3,2020,2
20210317,"2021-03-17",4,"Wednesday",17,76,12,"March",3,1,2021,1,3,2020,2
20210318,"2021-03-18",5,"Thursday",18,77,12,"March",3,1,2021,1,3,2020,2
20210319,"2021-03-19",6,"Friday",19,78,12,"March",3,1,2021,1,3,2020,2
20210320,"2021-03-20",7,"Saturday",20,79,12,"March",3,1,2021,1,3,2020,2
20210321,"2021-03-21",1,"Sunday",21,80,13,"March",3,1,2021,1,3,2020,2
20210322,"2021-03-22",2,"Monday",22,81,13,"March",3,1,2021,1,3,2020,2
20210323,"2021-03-23",3,"Tuesday",23,82,13,"March",3,1,2021,1,3,2020,2
20210324,"2021-03-24",4,"Wednesday",24,83,13,"March",3,1,2021,1,3,2020,2
20210325,"2021-03-25",5,"Thursday",25,84,13,"March",3,1,2021,1,3,2020,2
20210326,"2021-03-26",6,"Friday",26,85,13,"March",3,1,2021,1,3,2020,2
20210327,"2021-03-27",7,"Saturday",27,86,13,"March",3,1,2021,1,3,2020,2
20210328,"2021-03-28",1,"Sunday",28,87,14,"March",3,1,2021,1,3,2020,2
20210329,"2021-03-29",2,"Monday",29,88,14,"March",3,1,2021,1,3,2020,2
20210330,"2021-03-30",3,"Tuesday",30,89,14,"March",3,1,2021,1,3,2020,2
20210331,"2021-03-31",4,"Wednesday",31,90,14,"March",3,1,2021,1,3,2020,2
20210401,"2021-04-01",5,"Thursday",1,91,14,"April",4,2,2021,1,4,2020,2
20210402,"2021-04-02",6,"Friday",2,92,14,"April",4,2,2021,1,4,2020,2
20210403,"2021-04-03",7,"Saturday",3,93,14,"April",4,2,2021,1,4,2020,2
20210404,"2021-04-04",1,"Sunday",4,94,15,"April",4,2,2021,1,4,2020,2
20210405,"2021-04-05",2,"Monday",5,95,15,"April",4,2,2021,1,4,2020,2
20210406,"2021-04-06",3,"Tuesday",6,96,15,"April",4,2,2021,1,4,2020,2
20210407,"2021-04-07",4,"Wednesday",7,97,15,"April",4,2,2021,1,4,2020,2
20210408,"2021-04-08",5,"Thursday",8,98,15,"April",4,2,2021,1,4,2020,2
20210409,"2021-04-09",6,"Friday",9,99,15,"April",4,2,2021,1,4,2020,2
20210410,"2021-04-10",7,"Saturday",10,100,15,"April",4,2,2021,1,4,2020,2
20210411,"2021-04-11",1,"Sunday",11,101,16,"April",4,2,2021,1,4,2020,2
20210412,"2021-04-12",2,"Monday",12,102,16,"April",4,2,2021,1,4,2020,2
20210413,"2021-04-13",3,"Tuesday",13,103,16,"April",4,2,2021,1,4,2020,2
20210414,"2021-04-14",4,"Wednesday",14,104,16,"April",4,2,2021,1,4,2020,2
20210415,"2021-04-15",5,"Thursday",15,105,16,"April",4,2,2021,1,4,2020,2
20210416,"2021-04-16",6,"Friday",16,106,16,"April",4,2,2021,1,4,2020,2
20210417,"2021-04-17",7,"Saturday",17,107,16,"April",4,2,2021,1,4,2020,2
20210418,"2021-04-18",1,"Sunday",18,108,17,"April",4,2,2021,1,4,2020,2
20210419,"2021-04-19",2,"Monday",19,109,17,"April",4,2,2021,1,4,2020,2
20210420,"2021-04-20",3,"Tuesday",20,110,17,"April",4,2,2021,1,4,2020,2
20210421,"2021-04-21",4,"Wednesday",21,111,17,"April",4,2,2021,1,4,2020,2
20210422,"2021-04-22",5,"Thursday",22,112,17,"April",4,2,2021,1,4,2020,2
20210423,"2021-04-23",6,"Friday",23,113,17,"April",4,2,2021,1,4,2020,2
20210424,"2021-04-24",7,"Saturday",24,114,17,"April",4,2,2021,1,4,2020,2
20210425,"2021-04-25",1,"Sunday",25,115,18,"April",4,2,2021,1,4,2020,2
20210426,"2021-04-26",2,"Monday",26,116,18,"April",4,2,2021,1,4,2020,2
20210427,"2021-04-27",3,"Tuesday",27,117,18,"April",4,2,2021,1,4,2020,2
20210428,"2021-04-28",4,"Wednesday",28,118,18,"April",4,2,2021,1,4,2020,2
20210429,"2021-04-29",5,"Thursday",29,119,18,"April",4,2,2021,1,4,2020,2
20210430,"2021-04-30",6,"Friday",30,120,18,"April",4,2,2021,1,4,2020,2
20210501,"2021-05-01",7,"Saturday",1,121,18,"May",5,2,2021,1,4,2020,2
20210502,"2021-05-02",1,"Sunday",2,122,19,"May",5,2,2021,1,4,2020,2
20210503,"2021-05-03",2,"Monday",3,123,19,"May",5,2,2021,1,4,2020,2
20210504,"2021-05-04",3,"Tuesday",4,124,19,"May",5,2,2021,1,4,2020,2
20210505,"2021-05-05",4,"Wednesday",5,125,19,"May",5,2,2021,1,4,2020,2
20210506,"2021-05-06",5,"Thursday",6,126,19,"May",5,2,2021,1,4,2020,2
20210507,"2021-05-07",6,"Friday",7,127,19,"May",5,2,2021,1,4,2020,2
20210508,"2021-05-08",7,"Saturday",8,128,19,"May",5,2,2021,1,4,2020,2
20210509,"2021-05-09",1,"Sunday",9,129,20,"May",5,2,2021,1,4,2020,2
20210510,"2021-05-10",2,"Monday",10,130,20,"May",5,2,2021,1,4,2020,2
20210511,"2021-05-11",3,"Tuesday",11,131,20,"May",5,2,2021,1,4,2020,2
20210512,"2021-05-12",4,"Wednesday",12,132,20,"May",5,2,2021,1,4,2020,2
20210513,"2021-05-13",5,"Thursday",13,133,20,"May",5,2,2021,1,4,2020,2
20210514,"2021-05-14",6,"Friday",14,134,20,"May",5,2,2021,1,4,2020,2
20210515,"2021-05-15",7,"Saturday",15,135,20,"May",5,2,2021,1,4,2020,2
20210516,"2021-05-16",1,"Sunday",16,136,21,"May",5,2,2021,1,4,2020,2
20210517,"2021-05-17",2,"Monday",17,137,21,"May",5,2,2021,1,4,2020,2
20210518,"2021-05-18",3,"Tuesday",18,138,21,"May",5,2,2021,1,4,2020,2
20210519,"2021-05-19",4,"Wednesday",19,139,21,"May",5,2,2021,1,4,2020,2
20210520,"2021-05-20",5,"Thursday",20,140,21,"May",5,2,2021,1,4,2020,2
20210521,"2021-05-21",6,"Friday",21,141,21,"May",5,2,2021,1,4,2020,2
20210522,"2021-05-22",7,"Saturday",22,142,21,"May",5,2,2021,1,4,2020,2
20210523,"2021-05-23",1,"Sunday",23,143,22,"May",5,2,2021,1,4,2020,2
20210524,"2021-05-24",2,"Monday",24,144,22,"May",5,2,2021,1,4,2020,2
20210525,"2021-05-25",3,"Tuesday",25,145,22,"May",5,2,2021,1,4,2020,2
20210526,"2021-05-26",4,"Wednesday",26,146,22,"May",5,2,2021,1,4,2020,2
20210527,"2021-05-27",5,"Thursday",27,147,22,"May",5,2,2021,1,4,2020,2
20210528,"2021-05-28",6,"Friday",28,148,22,"May",5,2,2021,1,4,2020,2
20210529,"2021-05-29",7,"Saturday",29,149,22,"May",5,2,2021,1,4,2020,2
20210530,"2021-05-30",1,"Sunday",30,150,23,"May",5,2,2021,1,4,2020,2
20210531,"2021-05-31",2,"Monday",31,151,23,"May",5,2,2021,1,4,2020,2
20210601,"2021-06-01",3,"Tuesday",1,152,23,"June",6,2,2021,1,4,2020,2
20210602,"2021-06-02",4,"Wednesday",2,153,23,"June",6,2,2021,1,4,2020,2
20210603,"2021-06-03",5,"Thursday",3,154,23,"June",6,2,2021,1,4,2020,2
20210604,"2021-06-04",6,"Friday",4,155,23,"June",6,2,2021,1,4,2020,2
20210605,"2021-06-05",7,"Saturday",5,156,23,"June",6,2,2021,1,4,2020,2
20210606,"2021-06-06",1,"Sunday",6,157,24,"June",6,2,2021,1,4,2020,2
20210607,"2021-06-07",2,"Monday",7,158,24,"June",6,2,2021,1,4,2020,2
20210608,"2021-06-08",3,"Tuesday",8,159,24,"June",6,2,2021,1,4,2020,2
20210609,"2021-06-09",4,"Wednesday",9,160,24,"June",6,2,2021,1,4,2020,2
20210610,"2021-06-10",5,"Thursday",10,161,24,"June",6,2,2021,1,4,2020,2
20210611,"2021-06-11",6,"Friday",11,162,24,"June",6,2,2021,1,4,2020,2
20210612,"2021-06-12",7,"Saturday",12,163,24,"June",6,2,2021,1,4,2020,2
20210613,"2021-06-13",1,"Sunday",13,164,25,"June",6,2,2021,1,4,2020,2
20210614,"2021-06-14",2,"Monday",14,165,25,"June",6,2,2021,1,4,2020,2
20210615,"2021-06-15",3,"Tuesday",15,166,25,"June",6,2,2021,1,4,2020,2
20210616,"2021-06-16",4,"Wednesday",16,167,25,"June",6,2,2021,1,4,2020,2
20210617,"2021-06-17",5,"Thursday",17,168,25,"June",6,2,2021,1,4,2020,2
20210618,"2021-06-18",6,"Friday",18,169,25,"June",6,2,2021,1,4,2020,2
20210619,"2021-06-19",7,"Saturday",19,170,25,"June",6,2,2021,1,4,2020,2
20210620,"2021-06-20",1,"Sunday",20,171,26,"June",6,2,2021,1,4,2020,2
20210621,"2021-06-21",2,"Monday",21,172,26,"June",6,2,2021,1,4,2020,2
20210622,"2021-06-22",3,"Tuesday",22,173,26,"June",6,2,2021,1,4,2020,2
20210623,"2021-06-23",4,"Wednesday",23,174,26,"June",6,2,2021,1,4,2020,2
20210624,"2021-06-24",5,"Thursday",24,175,26,"June",6,2,2021,1,4,2020,2
20210625,"2021-06-25",6,"Friday",25,176,26,"June",6,2,2021,1,4,2020,2
20210626,"2021-06-26",7,"Saturday",26,177,26,"June",6,2,2021,1,4,2020,2
20210627,"2021-06-27",1,"Sunday",27,178,27,"June",6,2,2021,1,4,2020,2
20210628,"2021-06-28",2,"Monday",28,179,27,"June",6,2,2021,1,4,2020,2
20210629,"2021-06-29",3,"Tuesday",29,180,27,"June",6,2,2021,1,4,2020,2
20210630,"2021-06-30",4,"Wednesday",30,181,27,"June",6,2,2021,1,4,2020,2
20210701,"2021-07-01",5,"Thursday",1,182,27,"July",7,3,2021,2,1,2021,1
20210702,"2021-07-02",6,"Friday",2,183,27,"July",7,3,2021,2,1,2021,1
20210703,"2021-07-03",7,"Saturday",3,184,27,"July",7,3,2021,2,1,2021,1
20210704,"2021-07-04",1,"Sunday",4,185,28,"July",7,3,2021,2,1,2021,1
20210705,"2021-07-05",2,"Monday",5,186,28,"July",7,3,2021,2,1,2021,1
20210706,"2021-07-06",3,"Tuesday",6,187,28,"July",7,3,2021,2,1,2021,1
20210707,"2021-07-07",4,"Wednesday",7,188,28,"July",7,3,2021,2,1,2021,1
20210708,"2021-07-08",5,"Thursday",8,189,28,"July",7,3,2021,2,1,2021,1
20210709,"2021-07-09",6,"Friday",9,190,28,"July",7,3,2021,2,1,2021,1
20210710,"2021-07-10",7,"Saturday",10,191,28,"July",7,3,2021,2,1,2021,1
20210711,"2021-07-11",1,"Sunday",11,192,29,"July",7,3,2021,2,1,2021,1
20210712,"2021-07-12",2,"Monday",12,193,29,"July",7,3,2021,2,1,2021,1
20210713,"2021-07-13",3,"Tuesday",13,194,29,"July",7,3,2021,2,1,2021,1
20210714,"2021-07-14",4,"Wednesday",14,195,29,"July",7,3,2021,2,1,2021,1
20210715,"2021-07-15",5,"Thursday",15,196,29,"July",7,3,2021,2,1,2021,1
20210716,"2021-07-16",6,"Friday",16,197,29,"July",7,3,2021,2,1,2021,1
20210717,"2021-07-17",7,"Saturday",17,198,29,"July",7,3,2021,2,1,2021,1
20210718,"2021-07-18",1,"Sunday",18,199,30,"July",7,3,2021,2,1,2021,1
20210719,"2021-07-19",2,"Monday",19,200,30,"July",7,3,2021,2,1,2021,1
20210720,"2021-07-20",3,"Tuesday",20,201,30,"July",7,3,2021,2,1,2021,1
20210721,"2021-07-21",4,"Wednesday",21,202,30,"July",7,3,2021,2,1,2021,1
20210722,"2021-07-22",5,"Thursday",22,203,30,"July",7,3,2021,2,1,2021,1
20210723,"2021-07-23",6,"Friday",23,204,30,"July",7,3,2021,2,1,2021,1
20210724,"2021-07-24",7,"Saturday",24,205,30,"July",7,3,2021,2,1,2021,1
20210725,"2021-07-25",1,"Sunday",25,206,31,"July",7,3,2021,2,1,2021,1
20210726,"2021-07-26",2,"Monday",26,207,31,"July",7,3,2021,2,1,2021,1
20210727,"2021-07-27",3,"Tuesday",27,208,31,"July",7,3,2021,2,1,2021,1
20210728,"2021-07-28",4,"Wednesday",28,209,31,"July",7,3,2021,2,1,2021,1
20210729,"2021-07-29",5,"Thursday",29,210,31,"July",7,3,2021,2,1,2021,1
20210730,"2021-07-30",6,"Friday",30,211,31,"July",7,3,2021,2,1,2021,1
20210731,"2021-07-31",7,"Saturday",31,212,31,"July",7,3,2021,2,1,2021,1
20210801,"2021-08-01",1,"Sunday",1,213,32,"August",8,3,2021,2,1,2021,1
20210802,"2021-08-02",2,"Monday",2,214,32,"August",8,3,2021,2,1,2021,1
20210803,"2021-08-03",3,"Tuesday",3,215,32,"August",8,3,2021,2,1,2021,1
20210804,"2021-08-04",4,"Wednesday",4,216,32,"August",8,3,2021,2,1,2021,1
20210805,"2021-08-05",5,"Thursday",5,217,32,"August",8,3,2021,2,1,2021,1
20210806,"2021-08-06",6,"Friday",6,218,32,"August",8,3,2021,2,1,2021,1
20210807,"2021-08-07",7,"Saturday",7,219,32,"August",8,3,2021,2,1,2021,1
20210808,"2021-08-08",1,"Sunday",8,220,33,"August",8,3,2021,2,1,2021,1
20210809,"2021-08-09",2,"Monday",9,221,33,"August",8,3,2021,2,1,2021,1
20210810,"2021-08-10",3,"Tuesday",10,222,33,"August",8,3,2021,2,1,2021,1
20210811,"2021-08-11",4,"Wednesday",11,223,33,"August",8,3,2021,2,1,2021,1
20210812,"2021-08-12",5,"Thursday",12,224,33,"August",8,3,2021,2,1,2021,1
20210813,"2021-08-13",6,"Friday",13,225,33,"August",8,3,2021,2,1,2021,1
20210814,"2021-08-14",7,"Saturday",14,226,33,"August",8,3,2021,2,1,2021,1
20210815,"2021-08-15",1,"Sunday",15,227,34,"August",8,3,2021,2,1,2021,1
20210816,"2021-08-16",2,"Monday",16,228,34,"August",8,3,2021,2,1,2021,1
20210817,"2021-08-17",3,"Tuesday",17,229,34,"August",8,3,2021,2,1,2021,1
20210818,"2021-08-18",4,"Wednesday",18,230,34,"August",8,3,2021,2,1,2021,1
20210819,"2021-08-19",5,"Thursday",19,231,34,"August",8,3,2021,2,1,2021,1
20210820,"2021-08-20",6,"Friday",20,232,34,"August",8,3,2021,2,1,2021,1
20210821,"2021-08-21",7,"Saturday",21,233,34,"August",8,3,2021,2,1,2021,1
20210822,"2021-08-22",1,"Sunday",22,234,35,"August",8,3,2021,2,1,2021,1
20210823,"2021-08-23",2,"Monday",23,235,35,"August",8,3,2021,2,1,2021,1
20210824,"2021-08-24",3,"Tuesday",24,236,35,"August",8,3,2021,2,1,2021,1
20210825,"2021-08-25",4,"Wednesday",25,237,35,"August",8,3,2021,2,1,2021,1
20210826,"2021-08-26",5,"Thursday",26,238,35,"August",8,3,2021,2,1,2021,1
20210827,"2021-08-27",6,"Friday",27,239,35,"August",8,3,2021,2,1,2021,1
20210828,"2021-08-28",7,"Saturday",28,240,35,"August",8,3,2021,2,1,2021,1
20210829,"2021-08-29",1,"Sunday",29,241,36,"August",8,3,2021,2,1,2021,1
20210830,"2021-08-30",2,"Monday",30,242,36,"August",8,3,2021,2,1,2021,1
20210831,"2021-08-31",3,"Tuesday",31,243,36,"August",8,3,2021,2,1,2021,1
20210901,"2021-09-01",4,"Wednesday",1,244,36,"September",9,3,2021,2,1,2021,1
20210902,"2021-09-02",5,"Thursday",2,245,36,"September",9,3,2021,2,1,2021,1
20210903,"2021-09-03",6,"Friday",3,246,36,"September",9,3,2021,2,1,2021,1
20210904,"2021-09-04",7,"Saturday",4,247,36,"September",9,3,2021,2,1,2021,1
20210905,"2021-09-05",1,"Sunday",5,248,37,"September",9,3,2021,2,1,2021,1
20210906,"2021-09-06",2,"Monday",6,249,37,"September",9,3,2021,2,1,2021,1
20210907,"2021-09-07",3,"Tuesday",7,250,37,"September",9,3,2021,2,1,2021,1
20210908,"2021-09-08",4,"Wednesday",8,251,37,"September",9,3,2021,2,1,2021,1
20210909,"2021-09-09",5,"Thursday",9,252,37,"September",9,3,2021,2,1,2021,1
20210910,"2021-09-10",6,"Friday",10,253,37,"September",9,3,2021,2,1,2021,1
20210911,"2021-09-11",7,"Saturday",11,254,37,"September",9,3,2021,2,1,2021,1
20210912,"2021-09-12",1,"Sunday",12,255,38,"September",9,3,2021,2,1,2021,1
20210913,"2021-09-13",2,"Monday",13,256,38,"September",9,3,2021,2,1,2021,1
20210914,"2021-09-14",3,"Tuesday",14,257,38,"September",9,3,2021,2,1,2021,1
20210915,"2021-09-15",4,"Wednesday",15,258,38,"September",9,3,2021,2,1,2021,1
20210916,"2021-09-16",5,"Thursday",16,259,38,"September",9,3,2021,2,1,2021,1
20210917,"2021-09-17",6,"Friday",17,260,38,"September",9,3,2021,2,1,2021,1
20210918,"2021-09-18",7,"Saturday",18,261,38,"September",9,3,2021,2,1,2021,1
20210919,"2021-09-19",1,"Sunday",19,262,39,"September",9,3,2021,2,1,2021,1
20210920,"2021-09-20",2,"Monday",20,263,39,"September",9,3,2021,2,1,2021,1
20210921,"2021-09-21",3,"Tuesday",21,264,39,"September",9,3,2021,2,1,2021,1
20210922,"2021-09-22",4,"Wednesday",22,265,39,"September",9,3,2021,2,1,2021,1
20210923,"2021-09-23",5,"Thursday",23,266,39,"September",9,3,2021,2,1,2021,1
20210924,"2021-09-24",6,"Friday",24,267,39,"September",9,3,2021,2,1,2021,1
20210925,"2021-09-25",7,"Saturday",25,268,39,"September",9,3,2021,2,1,2021,1
20210926,"2021-09-26",1,"Sunday",26,269,40,"September",9,3,2021,2,1,2021,1
20210927,"2021-09-27",2,"Monday",27,270,40,"September",9,3,2021,2,1,2021,1
20210928,"2021-09-28",3,"Tuesday",28,271,40,"September",9,3,2021,2,1,2021,1
20210929,"2021-09-29",4,"Wednesday",29,272,40,"September",9,3,2021,2,1,2021,1
20210930,"2021-09-30",5,"Thursday",30,273,40,"September",9,3,2021,2,1,2021,1
20211001,"2021-10-01",6,"Friday",1,274,40,"October",10,4,2021,2,2,2021,1
20211002,"2021-10-02",7,"Saturday",2,275,40,"October",10,4,2021,2,2,2021,1
20211003,"2021-10-03",1,"Sunday",3,276,41,"October",10,4,2021,2,2,2021,1
20211004,"2021-10-04",2,"Monday",4,277,41,"October",10,4,2021,2,2,2021,1
20211005,"2021-10-05",3,"Tuesday",5,278,41,"October",10,4,2021,2,2,2021,1
20211006,"2021-10-06",4,"Wednesday",6,279,41,"October",10,4,2021,2,2,2021,1
20211007,"2021-10-07",5,"Thursday",7,280,41,"October",10,4,2021,2,2,2021,1
20211008,"2021-10-08",6,"Friday",8,281,41,"October",10,4,2021,2,2,2021,1
20211009,"2021-10-09",7,"Saturday",9,282,41,"October",10,4,2021,2,2,2021,1
20211010,"2021-10-10",1,"Sunday",10,283,42,"October",10,4,2021,2,2,2021,1
20211011,"2021-10-11",2,"Monday",11,284,42,"October",10,4,2021,2,2,2021,1
20211012,"2021-10-12",3,"Tuesday",12,285,42,"October",10,4,2021,2,2,2021,1
20211013,"2021-10-13",4,"Wednesday",13,286,42,"October",10,4,2021,2,2,2021,1
20211014,"2021-10-14",5,"Thursday",14,287,42,"October",10,4,2021,2,2,2021,1
20211015,"2021-10-15",6,"Friday",15,288,42,"October",10,4,2021,2,2,2021,1
20211016,"2021-10-16",7,"Saturday",16,289,42,"October",10,4,2021,2,2,2021,1
20211017,"2021-10-17",1,"Sunday",17,290,43,"October",10,4,2021,2,2,2021,1
20211018,"2021-10-18",2,"Monday",18,291,43,"October",10,4,2021,2,2,2021,1
20211019,"2021-10-19",3,"Tuesday",19,292,43,"October",10,4,2021,2,2,2021,1
20211020,"2021-10-20",4,"Wednesday",20,293,43,"October",10,4,2021,2,2,2021,1
20211021,"2021-10-21",5,"Thursday",21,294,43,"October",10,4,2021,2,2,2021,1
20211022,"2021-10-22",6,"Friday",22,295,43,"October",10,4,2021,2,2,2021,1
20211023,"2021-10-23",7,"Saturday",23,296,43,"October",10,4,2021,2,2,2021,1
20211024,"2021-10-24",1,"Sunday",24,297,44,"October",10,4,2021,2,2,2021,1
20211025,"2021-10-25",2,"Monday",25,298,44,"October",10,4,2021,2,2,2021,1
20211026,"2021-10-26",3,"Tuesday",26,299,44,"October",10,4,2021,2,2,2021,1
20211027,"2021-10-27",4,"Wednesday",27,300,44,"October",10,4,2021,2,2,2021,1
20211028,"2021-10-28",5,"Thursday",28,301,44,"October",10,4,2021,2,2,2021,1
20211029,"2021-10-29",6,"Friday",29,302,44,"October",10,4,2021,2,2,2021,1
20211030,"2021-10-30",7,"Saturday",30,303,44,"October",10,4,2021,2,2,2021,1
20211031,"2021-10-31",1,"Sunday",31,304,45,"October",10,4,2021,2,2,2021,1
20211101,"2021-11-01",2,"Monday",1,305,45,"November",11,4,2021,2,2,2021,1
20211102,"2021-11-02",3,"Tuesday",2,306,45,"November",11,4,2021,2,2,2021,1
20211103,"2021-11-03",4,"Wednesday",3,307,45,"November",11,4,2021,2,2,2021,1
20211104,"2021-11-04",5,"Thursday",4,308,45,"November",11,4,2021,2,2,2021,1
20211105,"2021-11-05",6,"Friday",5,309,45,"November",11,4,2021,2,2,2021,1
20211106,"2021-11-06",7,"Saturday",6,310,45,"November",11,4,2021,2,2,2021,1
20211107,"2021-11-07",1,"Sunday",7,311,46,"November",11,4,2021,2,2,2021,1
20211108,"2021-11-08",2,"Monday",8,312,46,"November",11,4,2021,2,2,2021,1
20211109,"2021-11-09",3,"Tuesday",9,313,46,"November",11,4,2021,2,2,2021,1
20211110,"2021-11-10",4,"Wednesday",10,314,46,"November",11,4,2021,2,2,2021,1
20211111,"2021-11-11",5,"Thursday",11,315,46,"November",11,4,2021,2,2,2021,1
20211112,"2021-11-12",6,"Friday",12,316,46,"November",11,4,2021,2,2,2021,1
20211113,"2021-11-13",7,"Saturday",13,317,46,"November",11,4,2021,2,2,2021,1
20211114,"2021-11-14",1,"Sunday",14,318,47,"November",11,4,2021,2,2,2021,1
20211115,"2021-11-15",2,"Monday",15,319,47,"November",11,4,2021,2,2,2021,1
20211116,"2021-11-16",3,"Tuesday",16,320,47,"November",11,4,2021,2,2,2021,1
20211117,"2021-11-17",4,"Wednesday",17,321,47,"November",11,4,2021,2,2,2021,1
20211118,"2021-11-18",5,"Thursday",18,322,47,"November",11,4,2021,2,2,2021,1
20211119,"2021-11-19",6,"Friday",19,323,47,"November",11,4,2021,2,2,2021,1
20211120,"2021-11-20",7,"Saturday",20,324,47,"November",11,4,2021,2,2,2021,1
20211121,"2021-11-21",1,"Sunday",21,325,48,"November",11,4,2021,2,2,2021,1
20211122,"2021-11-22",2,"Monday",22,326,48,"November",11,4,2021,2,2,2021,1
20211123,"2021-11-23",3,"Tuesday",23,327,48,"November",11,4,2021,2,2,2021,1
20211124,"2021-11-24",4,"Wednesday",24,328,48,"November",11,4,2021,2,2,2021,1
20211125,"2021-11-25",5,"Thursday",25,329,48,"November",11,4,2021,2,2,2021,1
20211126,"2021-11-26",6,"Friday",26,330,48,"November",11,4,2021,2,2,2021,1
20211127,"2021-11-27",7,"Saturday",27,331,48,"November",11,4,2021,2,2,2021,1
20211128,"2021-11-28",1,"Sunday",28,332,49,"November",11,4,2021,2,2,2021,1
20211129,"2021-11-29",2,"Monday",29,333,49,"November",11,4,2021,2,2,2021,1
20211130,"2021-11-30",3,"Tuesday",30,334,49,"November",11,4,2021,2,2,2021,1
20211201,"2021-12-01",4,"Wednesday",1,335,49,"December",12,4,2021,2,2,2021,1
20211202,"2021-12-02",5,"Thursday",2,336,49,"December",12,4,2021,2,2,2021,1
20211203,"2021-12-03",6,"Friday",3,337,49,"December",12,4,2021,2,2,2021,1
20211204,"2021-12-04",7,"Saturday",4,338,49,"December",12,4,2021,2,2,2021,1
20211205,"2021-12-05",1,"Sunday",5,339,50,"December",12,4,2021,2,2,2021,1
20211206,"2021-12-06",2,"Monday",6,340,50,"December",12,4,2021,2,2,2021,1
20211207,"2021-12-07",3,"Tuesday",7,341,50,"December",12,4,2021,2,2,2021,1
20211208,"2021-12-08",4,"Wednesday",8,342,50,"December",12,4,2021,2,2,2021,1
20211209,"2021-12-09",5,"Thursday",9,343,50,"December",12,4,2021,2,2,2021,1
20211210,"2021-12-10",6,"Friday",10,344,50,"December",12,4,2021,2,2,2021,1
20211211,"2021-12-11",7,"Saturday",11,345,50,"December",12,4,2021,2,2,2021,1
20211212,"2021-12-12",1,"Sunday",12,346,51,"December",12,4,2021,2,2,2021,1
20211213,"2021-12-13",2,"Monday",13,347,51,"December",12,4,2021,2,2,2021,1
20211214,"2021-12-14",3,"Tuesday",14,348,51,"December",12,4,2021,2,2,2021,1
20211215,"2021-12-15",4,"Wednesday",15,349,51,"December",12,4,2021,2,2,2021,1
20211216,"2021-12-16",5,"Thursday",16,350,51,"December",12,4,2021,2,2,2021,1
20211217,"2021-12-17",6,"Friday",17,351,51,"December",12,4,2021,2,2,2021,1
20211218,"2021-12-18",7,"Saturday",18,352,51,"December",12,4,2021,2,2,2021,1
20211219,"2021-12-19",1,"Sunday",19,353,52,"December",12,4,2021,2,2,2021,1
20211220,"2021-12-20",2,"Monday",20,354,52,"December",12,4,2021,2,2,2021,1
20211221,"2021-12-21",3,"Tuesday",21,355,52,"December",12,4,2021,2,2,2021,1
20211222,"2021-12-22",4,"Wednesday",22,356,52,"December",12,4,2021,2,2,2021,1
20211223,"2021-12-23",5,"Thursday",23,357,52,"December",12,4,2021,2,2,2021,1
20211224,"2021-12-24",6,"Friday",24,358,52,"December",12,4,2021,2,2,2021,1
20211225,"2021-12-25",7,"Saturday",25,359,52,"December",12,4,2021,2,2,2021,1
20211226,"2021-12-26",1,"Sunday",26,360,53,"December",12,4,2021,2,2,2021,1
20211227,"2021-12-27",2,"Monday",27,361,53,"December",12,4,2021,2,2,2021,1
20211228,"2021-12-28",3,"Tuesday",28,362,53,"December",12,4,2021,2,2,2021,1
20211229,"2021-12-29",4,"Wednesday",29,363,53,"December",12,4,2021,2,2,2021,1
20211230,"2021-12-30",5,"Thursday",30,364,53,"December",12,4,2021,2,2,2021,1
20211231,"2021-12-31",6,"Friday",31,365,53,"December",12,4,2021,2,2,2021,1
20220101,"2022-01-01",7,"Saturday",1,1,1,"January",1,1,2022,1,3,2021,2
20220102,"2022-01-02",1,"Sunday",2,2,2,"January",1,1,2022,1,3,2021,2
20220103,"2022-01-03",2,"Monday",3,3,2,"January",1,1,2022,1,3,2021,2
20220104,"2022-01-04",3,"Tuesday",4,4,2,"January",1,1,2022,1,3,2021,2
20220105,"2022-01-05",4,"Wednesday",5,5,2,"January",1,1,2022,1,3,2021,2
20220106,"2022-01-06",5,"Thursday",6,6,2,"January",1,1,2022,1,3,2021,2
20220107,"2022-01-07",6,"Friday",7,7,2,"January",1,1,2022,1,3,2021,2
20220108,"2022-01-08",7,"Saturday",8,8,2,"January",1,1,2022,1,3,2021,2
20220109,"2022-01-09",1,"Sunday",9,9,3,"January",1,1,2022,1,3,2021,2
20220110,"2022-01-10",2,"Monday",10,10,3,"January",1,1,2022,1,3,2021,2
20220111,"2022-01-11",3,"Tuesday",11,11,3,"January",1,1,2022,1,3,2021,2
20220112,"2022-01-12",4,"Wednesday",12,12,3,"January",1,1,2022,1,3,2021,2
20220113,"2022-01-13",5,"Thursday",13,13,3,"January",1,1,2022,1,3,2021,2
20220114,"2022-01-14",6,"Friday",14,14,3,"January",1,1,2022,1,3,2021,2
20220115,"2022-01-15",7,"Saturday",15,15,3,"January",1,1,2022,1,3,2021,2
20220116,"2022-01-16",1,"Sunday",16,16,4,"January",1,1,2022,1,3,2021,2
20220117,"2022-01-17",2,"Monday",17,17,4,"January",1,1,2022,1,3,2021,2
20220118,"2022-01-18",3,"Tuesday",18,18,4,"January",1,1,2022,1,3,2021,2
20220119,"2022-01-19",4,"Wednesday",19,19,4,"January",1,1,2022,1,3,2021,2
20220120,"2022-01-20",5,"Thursday",20,20,4,"January",1,1,2022,1,3,2021,2
20220121,"2022-01-21",6,"Friday",21,21,4,"January",1,1,2022,1,3,2021,2
20220122,"2022-01-22",7,"Saturday",22,22,4,"January",1,1,2022,1,3,2021,2
20220123,"2022-01-23",1,"Sunday",23,23,5,"January",1,1,2022,1,3,2021,2
20220124,"2022-01-24",2,"Monday",24,24,5,"January",1,1,2022,1,3,2021,2
20220125,"2022-01-25",3,"Tuesday",25,25,5,"January",1,1,2022,1,3,2021,2
20220126,"2022-01-26",4,"Wednesday",26,26,5,"January",1,1,2022,1,3,2021,2
20220127,"2022-01-27",5,"Thursday",27,27,5,"January",1,1,2022,1,3,2021,2
20220128,"2022-01-28",6,"Friday",28,28,5,"January",1,1,2022,1,3,2021,2
20220129,"2022-01-29",7,"Saturday",29,29,5,"January",1,1,2022,1,3,2021,2
20220130,"2022-01-30",1,"Sunday",30,30,6,"January",1,1,2022,1,3,2021,2
20220131,"2022-01-31",2,"Monday",31,31,6,"January",1,1,2022,1,3,2021,2
20220201,"2022-02-01",3,"Tuesday",1,32,6,"February",2,1,2022,1,3,2021,2
20220202,"2022-02-02",4,"Wednesday",2,33,6,"February",2,1,2022,1,3,2021,2
20220203,"2022-02-03",5,"Thursday",3,34,6,"February",2,1,2022,1,3,2021,2
20220204,"2022-02-04",6,"Friday",4,35,6,"February",2,1,2022,1,3,2021,2
20220205,"2022-02-05",7,"Saturday",5,36,6,"February",2,1,2022,1,3,2021,2
20220206,"2022-02-06",1,"Sunday",6,37,7,"February",2,1,2022,1,3,2021,2
20220207,"2022-02-07",2,"Monday",7,38,7,"February",2,1,2022,1,3,2021,2
20220208,"2022-02-08",3,"Tuesday",8,39,7,"February",2,1,2022,1,3,2021,2
20220209,"2022-02-09",4,"Wednesday",9,40,7,"February",2,1,2022,1,3,2021,2
20220210,"2022-02-10",5,"Thursday",10,41,7,"February",2,1,2022,1,3,2021,2
20220211,"2022-02-11",6,"Friday",11,42,7,"February",2,1,2022,1,3,2021,2
20220212,"2022-02-12",7,"Saturday",12,43,7,"February",2,1,2022,1,3,2021,2
20220213,"2022-02-13",1,"Sunday",13,44,8,"February",2,1,2022,1,3,2021,2
20220214,"2022-02-14",2,"Monday",14,45,8,"February",2,1,2022,1,3,2021,2
20220215,"2022-02-15",3,"Tuesday",15,46,8,"February",2,1,2022,1,3,2021,2
20220216,"2022-02-16",4,"Wednesday",16,47,8,"February",2,1,2022,1,3,2021,2
20220217,"2022-02-17",5,"Thursday",17,48,8,"February",2,1,2022,1,3,2021,2
20220218,"2022-02-18",6,"Friday",18,49,8,"February",2,1,2022,1,3,2021,2
20220219,"2022-02-19",7,"Saturday",19,50,8,"February",2,1,2022,1,3,2021,2
20220220,"2022-02-20",1,"Sunday",20,51,9,"February",2,1,2022,1,3,2021,2
20220221,"2022-02-21",2,"Monday",21,52,9,"February",2,1,2022,1,3,2021,2
20220222,"2022-02-22",3,"Tuesday",22,53,9,"February",2,1,2022,1,3,2021,2
20220223,"2022-02-23",4,"Wednesday",23,54,9,"February",2,1,2022,1,3,2021,2
20220224,"2022-02-24",5,"Thursday",24,55,9,"February",2,1,2022,1,3,2021,2
20220225,"2022-02-25",6,"Friday",25,56,9,"February",2,1,2022,1,3,2021,2
20220226,"2022-02-26",7,"Saturday",26,57,9,"February",2,1,2022,1,3,2021,2
20220227,"2022-02-27",1,"Sunday",27,58,10,"February",2,1,2022,1,3,2021,2
20220228,"2022-02-28",2,"Monday",28,59,10,"February",2,1,2022,1,3,2021,2
20220301,"2022-03-01",3,"Tuesday",1,60,10,"March",3,1,2022,1,3,2021,2
20220302,"2022-03-02",4,"Wednesday",2,61,10,"March",3,1,2022,1,3,2021,2
20220303,"2022-03-03",5,"Thursday",3,62,10,"March",3,1,2022,1,3,2021,2
20220304,"2022-03-04",6,"Friday",4,63,10,"March",3,1,2022,1,3,2021,2
20220305,"2022-03-05",7,"Saturday",5,64,10,"March",3,1,2022,1,3,2021,2
20220306,"2022-03-06",1,"Sunday",6,65,11,"March",3,1,2022,1,3,2021,2
20220307,"2022-03-07",2,"Monday",7,66,11,"March",3,1,2022,1,3,2021,2
20220308,"2022-03-08",3,"Tuesday",8,67,11,"March",3,1,2022,1,3,2021,2
20220309,"2022-03-09",4,"Wednesday",9,68,11,"March",3,1,2022,1,3,2021,2
20220310,"2022-03-10",5,"Thursday",10,69,11,"March",3,1,2022,1,3,2021,2
20220311,"2022-03-11",6,"Friday",11,70,11,"March",3,1,2022,1,3,2021,2
20220312,"2022-03-12",7,"Saturday",12,71,11,"March",3,1,2022,1,3,2021,2
20220313,"2022-03-13",1,"Sunday",13,72,12,"March",3,1,2022,1,3,2021,2
20220314,"2022-03-14",2,"Monday",14,73,12,"March",3,1,2022,1,3,2021,2
20220315,"2022-03-15",3,"Tuesday",15,74,12,"March",3,1,2022,1,3,2021,2
20220316,"2022-03-16",4,"Wednesday",16,75,12,"March",3,1,2022,1,3,2021,2
20220317,"2022-03-17",5,"Thursday",17,76,12,"March",3,1,2022,1,3,2021,2
20220318,"2022-03-18",6,"Friday",18,77,12,"March",3,1,2022,1,3,2021,2
20220319,"2022-03-19",7,"Saturday",19,78,12,"March",3,1,2022,1,3,2021,2
20220320,"2022-03-20",1,"Sunday",20,79,13,"March",3,1,2022,1,3,2021,2
20220321,"2022-03-21",2,"Monday",21,80,13,"March",3,1,2022,1,3,2021,2
20220322,"2022-03-22",3,"Tuesday",22,81,13,"March",3,1,2022,1,3,2021,2
20220323,"2022-03-23",4,"Wednesday",23,82,13,"March",3,1,2022,1,3,2021,2
20220324,"2022-03-24",5,"Thursday",24,83,13,"March",3,1,2022,1,3,2021,2
20220325,"2022-03-25",6,"Friday",25,84,13,"March",3,1,2022,1,3,2021,2
20220326,"2022-03-26",7,"Saturday",26,85,13,"March",3,1,2022,1,3,2021,2
20220327,"2022-03-27",1,"Sunday",27,86,14,"March",3,1,2022,1,3,2021,2
20220328,"2022-03-28",2,"Monday",28,87,14,"March",3,1,2022,1,3,2021,2
20220329,"2022-03-29",3,"Tuesday",29,88,14,"March",3,1,2022,1,3,2021,2
20220330,"2022-03-30",4,"Wednesday",30,89,14,"March",3,1,2022,1,3,2021,2
20220331,"2022-03-31",5,"Thursday",31,90,14,"March",3,1,2022,1,3,2021,2
20220401,"2022-04-01",6,"Friday",1,91,14,"April",4,2,2022,1,4,2021,2
20220402,"2022-04-02",7,"Saturday",2,92,14,"April",4,2,2022,1,4,2021,2
20220403,"2022-04-03",1,"Sunday",3,93,15,"April",4,2,2022,1,4,2021,2
20220404,"2022-04-04",2,"Monday",4,94,15,"April",4,2,2022,1,4,2021,2
20220405,"2022-04-05",3,"Tuesday",5,95,15,"April",4,2,2022,1,4,2021,2
20220406,"2022-04-06",4,"Wednesday",6,96,15,"April",4,2,2022,1,4,2021,2
20220407,"2022-04-07",5,"Thursday",7,97,15,"April",4,2,2022,1,4,2021,2
20220408,"2022-04-08",6,"Friday",8,98,15,"April",4,2,2022,1,4,2021,2
20220409,"2022-04-09",7,"Saturday",9,99,15,"April",4,2,2022,1,4,2021,2
20220410,"2022-04-10",1,"Sunday",10,100,16,"April",4,2,2022,1,4,2021,2
20220411,"2022-04-11",2,"Monday",11,101,16,"April",4,2,2022,1,4,2021,2
20220412,"2022-04-12",3,"Tuesday",12,102,16,"April",4,2,2022,1,4,2021,2
20220413,"2022-04-13",4,"Wednesday",13,103,16,"April",4,2,2022,1,4,2021,2
20220414,"2022-04-14",5,"Thursday",14,104,16,"April",4,2,2022,1,4,2021,2
20220415,"2022-04-15",6,"Friday",15,105,16,"April",4,2,2022,1,4,2021,2
20220416,"2022-04-16",7,"Saturday",16,106,16,"April",4,2,2022,1,4,2021,2
20220417,"2022-04-17",1,"Sunday",17,107,17,"April",4,2,2022,1,4,2021,2
20220418,"2022-04-18",2,"Monday",18,108,17,"April",4,2,2022,1,4,2021,2
20220419,"2022-04-19",3,"Tuesday",19,109,17,"April",4,2,2022,1,4,2021,2
20220420,"2022-04-20",4,"Wednesday",20,110,17,"April",4,2,2022,1,4,2021,2
20220421,"2022-04-21",5,"Thursday",21,111,17,"April",4,2,2022,1,4,2021,2
20220422,"2022-04-22",6,"Friday",22,112,17,"April",4,2,2022,1,4,2021,2
20220423,"2022-04-23",7,"Saturday",23,113,17,"April",4,2,2022,1,4,2021,2
20220424,"2022-04-24",1,"Sunday",24,114,18,"April",4,2,2022,1,4,2021,2
20220425,"2022-04-25",2,"Monday",25,115,18,"April",4,2,2022,1,4,2021,2
20220426,"2022-04-26",3,"Tuesday",26,116,18,"April",4,2,2022,1,4,2021,2
20220427,"2022-04-27",4,"Wednesday",27,117,18,"April",4,2,2022,1,4,2021,2
20220428,"2022-04-28",5,"Thursday",28,118,18,"April",4,2,2022,1,4,2021,2
20220429,"2022-04-29",6,"Friday",29,119,18,"April",4,2,2022,1,4,2021,2
20220430,"2022-04-30",7,"Saturday",30,120,18,"April",4,2,2022,1,4,2021,2
20220501,"2022-05-01",1,"Sunday",1,121,19,"May",5,2,2022,1,4,2021,2
20220502,"2022-05-02",2,"Monday",2,122,19,"May",5,2,2022,1,4,2021,2
20220503,"2022-05-03",3,"Tuesday",3,123,19,"May",5,2,2022,1,4,2021,2
20220504,"2022-05-04",4,"Wednesday",4,124,19,"May",5,2,2022,1,4,2021,2
20220505,"2022-05-05",5,"Thursday",5,125,19,"May",5,2,2022,1,4,2021,2
20220506,"2022-05-06",6,"Friday",6,126,19,"May",5,2,2022,1,4,2021,2
20220507,"2022-05-07",7,"Saturday",7,127,19,"May",5,2,2022,1,4,2021,2
20220508,"2022-05-08",1,"Sunday",8,128,20,"May",5,2,2022,1,4,2021,2
20220509,"2022-05-09",2,"Monday",9,129,20,"May",5,2,2022,1,4,2021,2
20220510,"2022-05-10",3,"Tuesday",10,130,20,"May",5,2,2022,1,4,2021,2
20220511,"2022-05-11",4,"Wednesday",11,131,20,"May",5,2,2022,1,4,2021,2
20220512,"2022-05-12",5,"Thursday",12,132,20,"May",5,2,2022,1,4,2021,2
20220513,"2022-05-13",6,"Friday",13,133,20,"May",5,2,2022,1,4,2021,2
20220514,"2022-05-14",7,"Saturday",14,134,20,"May",5,2,2022,1,4,2021,2
20220515,"2022-05-15",1,"Sunday",15,135,21,"May",5,2,2022,1,4,2021,2
20220516,"2022-05-16",2,"Monday",16,136,21,"May",5,2,2022,1,4,2021,2
20220517,"2022-05-17",3,"Tuesday",17,137,21,"May",5,2,2022,1,4,2021,2
20220518,"2022-05-18",4,"Wednesday",18,138,21,"May",5,2,2022,1,4,2021,2
20220519,"2022-05-19",5,"Thursday",19,139,21,"May",5,2,2022,1,4,2021,2
20220520,"2022-05-20",6,"Friday",20,140,21,"May",5,2,2022,1,4,2021,2
20220521,"2022-05-21",7,"Saturday",21,141,21,"May",5,2,2022,1,4,2021,2
20220522,"2022-05-22",1,"Sunday",22,142,22,"May",5,2,2022,1,4,2021,2
20220523,"2022-05-23",2,"Monday",23,143,22,"May",5,2,2022,1,4,2021,2
20220524,"2022-05-24",3,"Tuesday",24,144,22,"May",5,2,2022,1,4,2021,2
20220525,"2022-05-25",4,"Wednesday",25,145,22,"May",5,2,2022,1,4,2021,2
20220526,"2022-05-26",5,"Thursday",26,146,22,"May",5,2,2022,1,4,2021,2
20220527,"2022-05-27",6,"Friday",27,147,22,"May",5,2,2022,1,4,2021,2
20220528,"2022-05-28",7,"Saturday",28,148,22,"May",5,2,2022,1,4,2021,2
20220529,"2022-05-29",1,"Sunday",29,149,23,"May",5,2,2022,1,4,2021,2
20220530,"2022-05-30",2,"Monday",30,150,23,"May",5,2,2022,1,4,2021,2
20220531,"2022-05-31",3,"Tuesday",31,151,23,"May",5,2,2022,1,4,2021,2
20220601,"2022-06-01",4,"Wednesday",1,152,23,"June",6,2,2022,1,4,2021,2
20220602,"2022-06-02",5,"Thursday",2,153,23,"June",6,2,2022,1,4,2021,2
20220603,"2022-06-03",6,"Friday",3,154,23,"June",6,2,2022,1,4,2021,2
20220604,"2022-06-04",7,"Saturday",4,155,23,"June",6,2,2022,1,4,2021,2
20220605,"2022-06-05",1,"Sunday",5,156,24,"June",6,2,2022,1,4,2021,2
20220606,"2022-06-06",2,"Monday",6,157,24,"June",6,2,2022,1,4,2021,2
20220607,"2022-06-07",3,"Tuesday",7,158,24,"June",6,2,2022,1,4,2021,2
20220608,"2022-06-08",4,"Wednesday",8,159,24,"June",6,2,2022,1,4,2021,2
20220609,"2022-06-09",5,"Thursday",9,160,24,"June",6,2,2022,1,4,2021,2
20220610,"2022-06-10",6,"Friday",10,161,24,"June",6,2,2022,1,4,2021,2
20220611,"2022-06-11",7,"Saturday",11,162,24,"June",6,2,2022,1,4,2021,2
20220612,"2022-06-12",1,"Sunday",12,163,25,"June",6,2,2022,1,4,2021,2
20220613,"2022-06-13",2,"Monday",13,164,25,"June",6,2,2022,1,4,2021,2
20220614,"2022-06-14",3,"Tuesday",14,165,25,"June",6,2,2022,1,4,2021,2
20220615,"2022-06-15",4,"Wednesday",15,166,25,"June",6,2,2022,1,4,2021,2
20220616,"2022-06-16",5,"Thursday",16,167,25,"June",6,2,2022,1,4,2021,2
20220617,"2022-06-17",6,"Friday",17,168,25,"June",6,2,2022,1,4,2021,2
20220618,"2022-06-18",7,"Saturday",18,169,25,"June",6,2,2022,1,4,2021,2
20220619,"2022-06-19",1,"Sunday",19,170,26,"June",6,2,2022,1,4,2021,2
20220620,"2022-06-20",2,"Monday",20,171,26,"June",6,2,2022,1,4,2021,2
20220621,"2022-06-21",3,"Tuesday",21,172,26,"June",6,2,2022,1,4,2021,2
20220622,"2022-06-22",4,"Wednesday",22,173,26,"June",6,2,2022,1,4,2021,2
20220623,"2022-06-23",5,"Thursday",23,174,26,"June",6,2,2022,1,4,2021,2
20220624,"2022-06-24",6,"Friday",24,175,26,"June",6,2,2022,1,4,2021,2
20220625,"2022-06-25",7,"Saturday",25,176,26,"June",6,2,2022,1,4,2021,2
20220626,"2022-06-26",1,"Sunday",26,177,27,"June",6,2,2022,1,4,2021,2
20220627,"2022-06-27",2,"Monday",27,178,27,"June",6,2,2022,1,4,2021,2
20220628,"2022-06-28",3,"Tuesday",28,179,27,"June",6,2,2022,1,4,2021,2
20220629,"2022-06-29",4,"Wednesday",29,180,27,"June",6,2,2022,1,4,2021,2
20220630,"2022-06-30",5,"Thursday",30,181,27,"June",6,2,2022,1,4,2021,2
20220701,"2022-07-01",6,"Friday",1,182,27,"July",7,3,2022,2,1,2022,1
20220702,"2022-07-02",7,"Saturday",2,183,27,"July",7,3,2022,2,1,2022,1
20220703,"2022-07-03",1,"Sunday",3,184,28,"July",7,3,2022,2,1,2022,1
20220704,"2022-07-04",2,"Monday",4,185,28,"July",7,3,2022,2,1,2022,1
20220705,"2022-07-05",3,"Tuesday",5,186,28,"July",7,3,2022,2,1,2022,1
20220706,"2022-07-06",4,"Wednesday",6,187,28,"July",7,3,2022,2,1,2022,1
20220707,"2022-07-07",5,"Thursday",7,188,28,"July",7,3,2022,2,1,2022,1
20220708,"2022-07-08",6,"Friday",8,189,28,"July",7,3,2022,2,1,2022,1
20220709,"2022-07-09",7,"Saturday",9,190,28,"July",7,3,2022,2,1,2022,1
20220710,"2022-07-10",1,"Sunday",10,191,29,"July",7,3,2022,2,1,2022,1
20220711,"2022-07-11",2,"Monday",11,192,29,"July",7,3,2022,2,1,2022,1
20220712,"2022-07-12",3,"Tuesday",12,193,29,"July",7,3,2022,2,1,2022,1
20220713,"2022-07-13",4,"Wednesday",13,194,29,"July",7,3,2022,2,1,2022,1
20220714,"2022-07-14",5,"Thursday",14,195,29,"July",7,3,2022,2,1,2022,1
20220715,"2022-07-15",6,"Friday",15,196,29,"July",7,3,2022,2,1,2022,1
20220716,"2022-07-16",7,"Saturday",16,197,29,"July",7,3,2022,2,1,2022,1
20220717,"2022-07-17",1,"Sunday",17,198,30,"July",7,3,2022,2,1,2022,1
20220718,"2022-07-18",2,"Monday",18,199,30,"July",7,3,2022,2,1,2022,1
20220719,"2022-07-19",3,"Tuesday",19,200,30,"July",7,3,2022,2,1,2022,1
20220720,"2022-07-20",4,"Wednesday",20,201,30,"July",7,3,2022,2,1,2022,1
20220721,"2022-07-21",5,"Thursday",21,202,30,"July",7,3,2022,2,1,2022,1
20220722,"2022-07-22",6,"Friday",22,203,30,"July",7,3,2022,2,1,2022,1
20220723,"2022-07-23",7,"Saturday",23,204,30,"July",7,3,2022,2,1,2022,1
20220724,"2022-07-24",1,"Sunday",24,205,31,"July",7,3,2022,2,1,2022,1
20220725,"2022-07-25",2,"Monday",25,206,31,"July",7,3,2022,2,1,2022,1
20220726,"2022-07-26",3,"Tuesday",26,207,31,"July",7,3,2022,2,1,2022,1
20220727,"2022-07-27",4,"Wednesday",27,208,31,"July",7,3,2022,2,1,2022,1
20220728,"2022-07-28",5,"Thursday",28,209,31,"July",7,3,2022,2,1,2022,1
20220729,"2022-07-29",6,"Friday",29,210,31,"July",7,3,2022,2,1,2022,1
20220730,"2022-07-30",7,"Saturday",30,211,31,"July",7,3,2022,2,1,2022,1
20220731,"2022-07-31",1,"Sunday",31,212,32,"July",7,3,2022,2,1,2022,1
20220801,"2022-08-01",2,"Monday",1,213,32,"August",8,3,2022,2,1,2022,1
20220802,"2022-08-02",3,"Tuesday",2,214,32,"August",8,3,2022,2,1,2022,1
20220803,"2022-08-03",4,"Wednesday",3,215,32,"August",8,3,2022,2,1,2022,1
20220804,"2022-08-04",5,"Thursday",4,216,32,"August",8,3,2022,2,1,2022,1
20220805,"2022-08-05",6,"Friday",5,217,32,"August",8,3,2022,2,1,2022,1
20220806,"2022-08-06",7,"Saturday",6,218,32,"August",8,3,2022,2,1,2022,1
20220807,"2022-08-07",1,"Sunday",7,219,33,"August",8,3,2022,2,1,2022,1
20220808,"2022-08-08",2,"Monday",8,220,33,"August",8,3,2022,2,1,2022,1
20220809,"2022-08-09",3,"Tuesday",9,221,33,"August",8,3,2022,2,1,2022,1
20220810,"2022-08-10",4,"Wednesday",10,222,33,"August",8,3,2022,2,1,2022,1
20220811,"2022-08-11",5,"Thursday",11,223,33,"August",8,3,2022,2,1,2022,1
20220812,"2022-08-12",6,"Friday",12,224,33,"August",8,3,2022,2,1,2022,1
20220813,"2022-08-13",7,"Saturday",13,225,33,"August",8,3,2022,2,1,2022,1
20220814,"2022-08-14",1,"Sunday",14,226,34,"August",8,3,2022,2,1,2022,1
20220815,"2022-08-15",2,"Monday",15,227,34,"August",8,3,2022,2,1,2022,1
20220816,"2022-08-16",3,"Tuesday",16,228,34,"August",8,3,2022,2,1,2022,1
20220817,"2022-08-17",4,"Wednesday",17,229,34,"August",8,3,2022,2,1,2022,1
20220818,"2022-08-18",5,"Thursday",18,230,34,"August",8,3,2022,2,1,2022,1
20220819,"2022-08-19",6,"Friday",19,231,34,"August",8,3,2022,2,1,2022,1
20220820,"2022-08-20",7,"Saturday",20,232,34,"August",8,3,2022,2,1,2022,1
20220821,"2022-08-21",1,"Sunday",21,233,35,"August",8,3,2022,2,1,2022,1
20220822,"2022-08-22",2,"Monday",22,234,35,"August",8,3,2022,2,1,2022,1
20220823,"2022-08-23",3,"Tuesday",23,235,35,"August",8,3,2022,2,1,2022,1
20220824,"2022-08-24",4,"Wednesday",24,236,35,"August",8,3,2022,2,1,2022,1
20220825,"2022-08-25",5,"Thursday",25,237,35,"August",8,3,2022,2,1,2022,1
20220826,"2022-08-26",6,"Friday",26,238,35,"August",8,3,2022,2,1,2022,1
20220827,"2022-08-27",7,"Saturday",27,239,35,"August",8,3,2022,2,1,2022,1
20220828,"2022-08-28",1,"Sunday",28,240,36,"August",8,3,2022,2,1,2022,1
20220829,"2022-08-29",2,"Monday",29,241,36,"August",8,3,2022,2,1,2022,1
20220830,"2022-08-30",3,"Tuesday",30,242,36,"August",8,3,2022,2,1,2022,1
20220831,"2022-08-31",4,"Wednesday",31,243,36,"August",8,3,2022,2,1,2022,1
20220901,"2022-09-01",5,"Thursday",1,244,36,"September",9,3,2022,2,1,2022,1
20220902,"2022-09-02",6,"Friday",2,245,36,"September",9,3,2022,2,1,2022,1
20220903,"2022-09-03",7,"Saturday",3,246,36,"September",9,3,2022,2,1,2022,1
20220904,"2022-09-04",1,"Sunday",4,247,37,"September",9,3,2022,2,1,2022,1
20220905,"2022-09-05",2,"Monday",5,248,37,"September",9,3,2022,2,1,2022,1
20220906,"2022-09-06",3,"Tuesday",6,249,37,"September",9,3,2022,2,1,2022,1
20220907,"2022-09-07",4,"Wednesday",7,250,37,"September",9,3,2022,2,1,2022,1
20220908,"2022-09-08",5,"Thursday",8,251,37,"September",9,3,2022,2,1,2022,1
20220909,"2022-09-09",6,"Friday",9,252,37,"September",9,3,2022,2,1,2022,1
20220910,"2022-09-10",7,"Saturday",10,253,37,"September",9,3,2022,2,1,2022,1
20220911,"2022-09-11",1,"Sunday",11,254,38,"September",9,3,2022,2,1,2022,1
20220912,"2022-09-12",2,"Monday",12,255,38,"September",9,3,2022,2,1,2022,1
20220913,"2022-09-13",3,"Tuesday",13,256,38,"September",9,3,2022,2,1,2022,1
20220914,"2022-09-14",4,"Wednesday",14,257,38,"September",9,3,2022,2,1,2022,1
20220915,"2022-09-15",5,"Thursday",15,258,38,"September",9,3,2022,2,1,2022,1
20220916,"2022-09-16",6,"Friday",16,259,38,"September",9,3,2022,2,1,2022,1
20220917,"2022-09-17",7,"Saturday",17,260,38,"September",9,3,2022,2,1,2022,1
20220918,"2022-09-18",1,"Sunday",18,261,39,"September",9,3,2022,2,1,2022,1
20220919,"2022-09-19",2,"Monday",19,262,39,"September",9,3,2022,2,1,2022,1
20220920,"2022-09-20",3,"Tuesday",20,263,39,"September",9,3,2022,2,1,2022,1
20220921,"2022-09-21",4,"Wednesday",21,264,39,"September",9,3,2022,2,1,2022,1
20220922,"2022-09-22",5,"Thursday",22,265,39,"September",9,3,2022,2,1,2022,1
20220923,"2022-09-23",6,"Friday",23,266,39,"September",9,3,2022,2,1,2022,1
20220924,"2022-09-24",7,"Saturday",24,267,39,"September",9,3,2022,2,1,2022,1
20220925,"2022-09-25",1,"Sunday",25,268,40,"September",9,3,2022,2,1,2022,1
20220926,"2022-09-26",2,"Monday",26,269,40,"September",9,3,2022,2,1,2022,1
20220927,"2022-09-27",3,"Tuesday",27,270,40,"September",9,3,2022,2,1,2022,1
20220928,"2022-09-28",4,"Wednesday",28,271,40,"September",9,3,2022,2,1,2022,1
20220929,"2022-09-29",5,"Thursday",29,272,40,"September",9,3,2022,2,1,2022,1
20220930,"2022-09-30",6,"Friday",30,273,40,"September",9,3,2022,2,1,2022,1
20221001,"2022-10-01",7,"Saturday",1,274,40,"October",10,4,2022,2,2,2022,1
20221002,"2022-10-02",1,"Sunday",2,275,41,"October",10,4,2022,2,2,2022,1
20221003,"2022-10-03",2,"Monday",3,276,41,"October",10,4,2022,2,2,2022,1
20221004,"2022-10-04",3,"Tuesday",4,277,41,"October",10,4,2022,2,2,2022,1
20221005,"2022-10-05",4,"Wednesday",5,278,41,"October",10,4,2022,2,2,2022,1
20221006,"2022-10-06",5,"Thursday",6,279,41,"October",10,4,2022,2,2,2022,1
20221007,"2022-10-07",6,"Friday",7,280,41,"October",10,4,2022,2,2,2022,1
20221008,"2022-10-08",7,"Saturday",8,281,41,"October",10,4,2022,2,2,2022,1
20221009,"2022-10-09",1,"Sunday",9,282,42,"October",10,4,2022,2,2,2022,1
20221010,"2022-10-10",2,"Monday",10,283,42,"October",10,4,2022,2,2,2022,1
20221011,"2022-10-11",3,"Tuesday",11,284,42,"October",10,4,2022,2,2,2022,1
20221012,"2022-10-12",4,"Wednesday",12,285,42,"October",10,4,2022,2,2,2022,1
20221013,"2022-10-13",5,"Thursday",13,286,42,"October",10,4,2022,2,2,2022,1
20221014,"2022-10-14",6,"Friday",14,287,42,"October",10,4,2022,2,2,2022,1
20221015,"2022-10-15",7,"Saturday",15,288,42,"October",10,4,2022,2,2,2022,1
20221016,"2022-10-16",1,"Sunday",16,289,43,"October",10,4,2022,2,2,2022,1
20221017,"2022-10-17",2,"Monday",17,290,43,"October",10,4,2022,2,2,2022,1
20221018,"2022-10-18",3,"Tuesday",18,291,43,"October",10,4,2022,2,2,2022,1
20221019,"2022-10-19",4,"Wednesday",19,292,43,"October",10,4,2022,2,2,2022,1
20221020,"2022-10-20",5,"Thursday",20,293,43,"October",10,4,2022,2,2,2022,1
20221021,"2022-10-21",6,"Friday",21,294,43,"October",10,4,2022,2,2,2022,1
20221022,"2022-10-22",7,"Saturday",22,295,43,"October",10,4,2022,2,2,2022,1
20221023,"2022-10-23",1,"Sunday",23,296,44,"October",10,4,2022,2,2,2022,1
20221024,"2022-10-24",2,"Monday",24,297,44,"October",10,4,2022,2,2,2022,1
20221025,"2022-10-25",3,"Tuesday",25,298,44,"October",10,4,2022,2,2,2022,1
20221026,"2022-10-26",4,"Wednesday",26,299,44,"October",10,4,2022,2,2,2022,1
20221027,"2022-10-27",5,"Thursday",27,300,44,"October",10,4,2022,2,2,2022,1
20221028,"2022-10-28",6,"Friday",28,301,44,"October",10,4,2022,2,2,2022,1
20221029,"2022-10-29",7,"Saturday",29,302,44,"October",10,4,2022,2,2,2022,1
20221030,"2022-10-30",1,"Sunday",30,303,45,"October",10,4,2022,2,2,2022,1
20221031,"2022-10-31",2,"Monday",31,304,45,"October",10,4,2022,2,2,2022,1
20221101,"2022-11-01",3,"Tuesday",1,305,45,"November",11,4,2022,2,2,2022,1
20221102,"2022-11-02",4,"Wednesday",2,306,45,"November",11,4,2022,2,2,2022,1
20221103,"2022-11-03",5,"Thursday",3,307,45,"November",11,4,2022,2,2,2022,1
20221104,"2022-11-04",6,"Friday",4,308,45,"November",11,4,2022,2,2,2022,1
20221105,"2022-11-05",7,"Saturday",5,309,45,"November",11,4,2022,2,2,2022,1
20221106,"2022-11-06",1,"Sunday",6,310,46,"November",11,4,2022,2,2,2022,1
20221107,"2022-11-07",2,"Monday",7,311,46,"November",11,4,2022,2,2,2022,1
20221108,"2022-11-08",3,"Tuesday",8,312,46,"November",11,4,2022,2,2,2022,1
20221109,"2022-11-09",4,"Wednesday",9,313,46,"November",11,4,2022,2,2,2022,1
20221110,"2022-11-10",5,"Thursday",10,314,46,"November",11,4,2022,2,2,2022,1
20221111,"2022-11-11",6,"Friday",11,315,46,"November",11,4,2022,2,2,2022,1
20221112,"2022-11-12",7,"Saturday",12,316,46,"November",11,4,2022,2,2,2022,1
20221113,"2022-11-13",1,"Sunday",13,317,47,"November",11,4,2022,2,2,2022,1
20221114,"2022-11-14",2,"Monday",14,318,47,"November",11,4,2022,2,2,2022,1
20221115,"2022-11-15",3,"Tuesday",15,319,47,"November",11,4,2022,2,2,2022,1
20221116,"2022-11-16",4,"Wednesday",16,320,47,"November",11,4,2022,2,2,2022,1
20221117,"2022-11-17",5,"Thursday",17,321,47,"November",11,4,2022,2,2,2022,1
20221118,"2022-11-18",6,"Friday",18,322,47,"November",11,4,2022,2,2,2022,1
20221119,"2022-11-19",7,"Saturday",19,323,47,"November",11,4,2022,2,2,2022,1
20221120,"2022-11-20",1,"Sunday",20,324,48,"November",11,4,2022,2,2,2022,1
20221121,"2022-11-21",2,"Monday",21,325,48,"November",11,4,2022,2,2,2022,1
20221122,"2022-11-22",3,"Tuesday",22,326,48,"November",11,4,2022,2,2,2022,1
20221123,"2022-11-23",4,"Wednesday",23,327,48,"November",11,4,2022,2,2,2022,1
20221124,"2022-11-24",5,"Thursday",24,328,48,"November",11,4,2022,2,2,2022,1
20221125,"2022-11-25",6,"Friday",25,329,48,"November",11,4,2022,2,2,2022,1
20221126,"2022-11-26",7,"Saturday",26,330,48,"November",11,4,2022,2,2,2022,1
20221127,"2022-11-27",1,"Sunday",27,331,49,"November",11,4,2022,2,2,2022,1
20221128,"2022-11-28",2,"Monday",28,332,49,"November",11,4,2022,2,2,2022,1
20221129,"2022-11-29",3,"Tuesday",29,333,49,"November",11,4,2022,2,2,2022,1
20221130,"2022-11-30",4,"Wednesday",30,334,49,"November",11,4,2022,2,2,2022,1
20221201,"2022-12-01",5,"Thursday",1,335,49,"December",12,4,2022,2,2,2022,1
20221202,"2022-12-02",6,"Friday",2,336,49,"December",12,4,2022,2,2,2022,1
20221203,"2022-12-03",7,"Saturday",3,337,49,"December",12,4,2022,2,2,2022,1
20221204,"2022-12-04",1,"Sunday",4,338,50,"December",12,4,2022,2,2,2022,1
20221205,"2022-12-05",2,"Monday",5,339,50,"December",12,4,2022,2,2,2022,1
20221206,"2022-12-06",3,"Tuesday",6,340,50,"December",12,4,2022,2,2,2022,1
20221207,"2022-12-07",4,"Wednesday",7,341,50,"December",12,4,2022,2,2,2022,1
20221208,"2022-12-08",5,"Thursday",8,342,50,"December",12,4,2022,2,2,2022,1
20221209,"2022-12-09",6,"Friday",9,343,50,"December",12,4,2022,2,2,2022,1
20221210,"2022-12-10",7,"Saturday",10,344,50,"December",12,4,2022,2,2,2022,1
20221211,"2022-12-11",1,"Sunday",11,345,51,"December",12,4,2022,2,2,2022,1
20221212,"2022-12-12",2,"Monday",12,346,51,"December",12,4,2022,2,2,2022,1
20221213,"2022-12-13",3,"Tuesday",13,347,51,"December",12,4,2022,2,2,2022,1
20221214,"2022-12-14",4,"Wednesday",14,348,51,"December",12,4,2022,2,2,2022,1
20221215,"2022-12-15",5,"Thursday",15,349,51,"December",12,4,2022,2,2,2022,1
20221216,"2022-12-16",6,"Friday",16,350,51,"December",12,4,2022,2,2,2022,1
20221217,"2022-12-17",7,"Saturday",17,351,51,"December",12,4,2022,2,2,2022,1
20221218,"2022-12-18",1,"Sunday",18,352,52,"December",12,4,2022,2,2,2022,1
20221219,"2022-12-19",2,"Monday",19,353,52,"December",12,4,2022,2,2,2022,1
20221220,"2022-12-20",3,"Tuesday",20,354,52,"December",12,4,2022,2,2,2022,1
20221221,"2022-12-21",4,"Wednesday",21,355,52,"December",12,4,2022,2,2,2022,1
20221222,"2022-12-22",5,"Thursday",22,356,52,"December",12,4,2022,2,2,2022,1
20221223,"2022-12-23",6,"Friday",23,357,52,"December",12,4,2022,2,2,2022,1
20221224,"2022-12-24",7,"Saturday",24,358,52,"December",12,4,2022,2,2,2022,1
20221225,"2022-12-25",1,"Sunday",25,359,53,"December",12,4,2022,2,2,2022,1
20221226,"2022-12-26",2,"Monday",26,360,53,"December",12,4,2022,2,2,2022,1
20221227,"2022-12-27",3,"Tuesday",27,361,53,"December",12,4,2022,2,2,2022,1
20221228,"2022-12-28",4,"Wednesday",28,362,53,"December",12,4,2022,2,2,2022,1
20221229,"2022-12-29",5,"Thursday",29,363,53,"December",12,4,2022,2,2,2022,1
20221230,"2022-12-30",6,"Friday",30,364,53,"December",12,4,2022,2,2,2022,1
20221231,"2022-12-31",7,"Saturday",31,365,53,"December",12,4,2022,2,2,2022,1
20230101,"2023-01-01",1,"Sunday",1,1,1,"January",1,1,2023,1,3,2022,2
20230102,"2023-01-02",2,"Monday",2,2,1,"January",1,1,2023,1,3,2022,2
20230103,"2023-01-03",3,"Tuesday",3,3,1,"January",1,1,2023,1,3,2022,2
20230104,"2023-01-04",4,"Wednesday",4,4,1,"January",1,1,2023,1,3,2022,2
20230105,"2023-01-05",5,"Thursday",5,5,1,"January",1,1,2023,1,3,2022,2
20230106,"2023-01-06",6,"Friday",6,6,1,"January",1,1,2023,1,3,2022,2
20230107,"2023-01-07",7,"Saturday",7,7,1,"January",1,1,2023,1,3,2022,2
20230108,"2023-01-08",1,"Sunday",8,8,2,"January",1,1,2023,1,3,2022,2
20230109,"2023-01-09",2,"Monday",9,9,2,"January",1,1,2023,1,3,2022,2
20230110,"2023-01-10",3,"Tuesday",10,10,2,"January",1,1,2023,1,3,2022,2
20230111,"2023-01-11",4,"Wednesday",11,11,2,"January",1,1,2023,1,3,2022,2
20230112,"2023-01-12",5,"Thursday",12,12,2,"January",1,1,2023,1,3,2022,2
20230113,"2023-01-13",6,"Friday",13,13,2,"January",1,1,2023,1,3,2022,2
20230114,"2023-01-14",7,"Saturday",14,14,2,"January",1,1,2023,1,3,2022,2
20230115,"2023-01-15",1,"Sunday",15,15,3,"January",1,1,2023,1,3,2022,2
20230116,"2023-01-16",2,"Monday",16,16,3,"January",1,1,2023,1,3,2022,2
20230117,"2023-01-17",3,"Tuesday",17,17,3,"January",1,1,2023,1,3,2022,2
20230118,"2023-01-18",4,"Wednesday",18,18,3,"January",1,1,2023,1,3,2022,2
20230119,"2023-01-19",5,"Thursday",19,19,3,"January",1,1,2023,1,3,2022,2
20230120,"2023-01-20",6,"Friday",20,20,3,"January",1,1,2023,1,3,2022,2
20230121,"2023-01-21",7,"Saturday",21,21,3,"January",1,1,2023,1,3,2022,2
20230122,"2023-01-22",1,"Sunday",22,22,4,"January",1,1,2023,1,3,2022,2
20230123,"2023-01-23",2,"Monday",23,23,4,"January",1,1,2023,1,3,2022,2
20230124,"2023-01-24",3,"Tuesday",24,24,4,"January",1,1,2023,1,3,2022,2
20230125,"2023-01-25",4,"Wednesday",25,25,4,"January",1,1,2023,1,3,2022,2
20230126,"2023-01-26",5,"Thursday",26,26,4,"January",1,1,2023,1,3,2022,2
20230127,"2023-01-27",6,"Friday",27,27,4,"January",1,1,2023,1,3,2022,2
20230128,"2023-01-28",7,"Saturday",28,28,4,"January",1,1,2023,1,3,2022,2
20230129,"2023-01-29",1,"Sunday",29,29,5,"January",1,1,2023,1,3,2022,2
20230130,"2023-01-30",2,"Monday",30,30,5,"January",1,1,2023,1,3,2022,2
20230131,"2023-01-31",3,"Tuesday",31,31,5,"January",1,1,2023,1,3,2022,2
20230201,"2023-02-01",4,"Wednesday",1,32,5,"February",2,1,2023,1,3,2022,2
20230202,"2023-02-02",5,"Thursday",2,33,5,"February",2,1,2023,1,3,2022,2
20230203,"2023-02-03",6,"Friday",3,34,5,"February",2,1,2023,1,3,2022,2
20230204,"2023-02-04",7,"Saturday",4,35,5,"February",2,1,2023,1,3,2022,2
20230205,"2023-02-05",1,"Sunday",5,36,6,"February",2,1,2023,1,3,2022,2
20230206,"2023-02-06",2,"Monday",6,37,6,"February",2,1,2023,1,3,2022,2
20230207,"2023-02-07",3,"Tuesday",7,38,6,"February",2,1,2023,1,3,2022,2
20230208,"2023-02-08",4,"Wednesday",8,39,6,"February",2,1,2023,1,3,2022,2
20230209,"2023-02-09",5,"Thursday",9,40,6,"February",2,1,2023,1,3,2022,2
20230210,"2023-02-10",6,"Friday",10,41,6,"February",2,1,2023,1,3,2022,2
20230211,"2023-02-11",7,"Saturday",11,42,6,"February",2,1,2023,1,3,2022,2
20230212,"2023-02-12",1,"Sunday",12,43,7,"February",2,1,2023,1,3,2022,2
20230213,"2023-02-13",2,"Monday",13,44,7,"February",2,1,2023,1,3,2022,2
20230214,"2023-02-14",3,"Tuesday",14,45,7,"February",2,1,2023,1,3,2022,2
20230215,"2023-02-15",4,"Wednesday",15,46,7,"February",2,1,2023,1,3,2022,2
20230216,"2023-02-16",5,"Thursday",16,47,7,"February",2,1,2023,1,3,2022,2
20230217,"2023-02-17",6,"Friday",17,48,7,"February",2,1,2023,1,3,2022,2
20230218,"2023-02-18",7,"Saturday",18,49,7,"February",2,1,2023,1,3,2022,2
20230219,"2023-02-19",1,"Sunday",19,50,8,"February",2,1,2023,1,3,2022,2
20230220,"2023-02-20",2,"Monday",20,51,8,"February",2,1,2023,1,3,2022,2
20230221,"2023-02-21",3,"Tuesday",21,52,8,"February",2,1,2023,1,3,2022,2
20230222,"2023-02-22",4,"Wednesday",22,53,8,"February",2,1,2023,1,3,2022,2
20230223,"2023-02-23",5,"Thursday",23,54,8,"February",2,1,2023,1,3,2022,2
20230224,"2023-02-24",6,"Friday",24,55,8,"February",2,1,2023,1,3,2022,2
20230225,"2023-02-25",7,"Saturday",25,56,8,"February",2,1,2023,1,3,2022,2
20230226,"2023-02-26",1,"Sunday",26,57,9,"February",2,1,2023,1,3,2022,2
20230227,"2023-02-27",2,"Monday",27,58,9,"February",2,1,2023,1,3,2022,2
20230228,"2023-02-28",3,"Tuesday",28,59,9,"February",2,1,2023,1,3,2022,2
20230301,"2023-03-01",4,"Wednesday",1,60,9,"March",3,1,2023,1,3,2022,2
20230302,"2023-03-02",5,"Thursday",2,61,9,"March",3,1,2023,1,3,2022,2
20230303,"2023-03-03",6,"Friday",3,62,9,"March",3,1,2023,1,3,2022,2
20230304,"2023-03-04",7,"Saturday",4,63,9,"March",3,1,2023,1,3,2022,2
20230305,"2023-03-05",1,"Sunday",5,64,10,"March",3,1,2023,1,3,2022,2
20230306,"2023-03-06",2,"Monday",6,65,10,"March",3,1,2023,1,3,2022,2
20230307,"2023-03-07",3,"Tuesday",7,66,10,"March",3,1,2023,1,3,2022,2
20230308,"2023-03-08",4,"Wednesday",8,67,10,"March",3,1,2023,1,3,2022,2
20230309,"2023-03-09",5,"Thursday",9,68,10,"March",3,1,2023,1,3,2022,2
20230310,"2023-03-10",6,"Friday",10,69,10,"March",3,1,2023,1,3,2022,2
20230311,"2023-03-11",7,"Saturday",11,70,10,"March",3,1,2023,1,3,2022,2
20230312,"2023-03-12",1,"Sunday",12,71,11,"March",3,1,2023,1,3,2022,2
20230313,"2023-03-13",2,"Monday",13,72,11,"March",3,1,2023,1,3,2022,2
20230314,"2023-03-14",3,"Tuesday",14,73,11,"March",3,1,2023,1,3,2022,2
20230315,"2023-03-15",4,"Wednesday",15,74,11,"March",3,1,2023,1,3,2022,2
20230316,"2023-03-16",5,"Thursday",16,75,11,"March",3,1,2023,1,3,2022,2
20230317,"2023-03-17",6,"Friday",17,76,11,"March",3,1,2023,1,3,2022,2
20230318,"2023-03-18",7,"Saturday",18,77,11,"March",3,1,2023,1,3,2022,2
20230319,"2023-03-19",1,"Sunday",19,78,12,"March",3,1,2023,1,3,2022,2
20230320,"2023-03-20",2,"Monday",20,79,12,"March",3,1,2023,1,3,2022,2
20230321,"2023-03-21",3,"Tuesday",21,80,12,"March",3,1,2023,1,3,2022,2
20230322,"2023-03-22",4,"Wednesday",22,81,12,"March",3,1,2023,1,3,2022,2
20230323,"2023-03-23",5,"Thursday",23,82,12,"March",3,1,2023,1,3,2022,2
20230324,"2023-03-24",6,"Friday",24,83,12,"March",3,1,2023,1,3,2022,2
20230325,"2023-03-25",7,"Saturday",25,84,12,"March",3,1,2023,1,3,2022,2
20230326,"2023-03-26",1,"Sunday",26,85,13,"March",3,1,2023,1,3,2022,2
20230327,"2023-03-27",2,"Monday",27,86,13,"March",3,1,2023,1,3,2022,2
20230328,"2023-03-28",3,"Tuesday",28,87,13,"March",3,1,2023,1,3,2022,2
20230329,"2023-03-29",4,"Wednesday",29,88,13,"March",3,1,2023,1,3,2022,2
20230330,"2023-03-30",5,"Thursday",30,89,13,"March",3,1,2023,1,3,2022,2
20230331,"2023-03-31",6,"Friday",31,90,13,"March",3,1,2023,1,3,2022,2
20230401,"2023-04-01",7,"Saturday",1,91,13,"April",4,2,2023,1,4,2022,2
20230402,"2023-04-02",1,"Sunday",2,92,14,"April",4,2,2023,1,4,2022,2
20230403,"2023-04-03",2,"Monday",3,93,14,"April",4,2,2023,1,4,2022,2
20230404,"2023-04-04",3,"Tuesday",4,94,14,"April",4,2,2023,1,4,2022,2
20230405,"2023-04-05",4,"Wednesday",5,95,14,"April",4,2,2023,1,4,2022,2
20230406,"2023-04-06",5,"Thursday",6,96,14,"April",4,2,2023,1,4,2022,2
20230407,"2023-04-07",6,"Friday",7,97,14,"April",4,2,2023,1,4,2022,2
20230408,"2023-04-08",7,"Saturday",8,98,14,"April",4,2,2023,1,4,2022,2
20230409,"2023-04-09",1,"Sunday",9,99,15,"April",4,2,2023,1,4,2022,2
20230410,"2023-04-10",2,"Monday",10,100,15,"April",4,2,2023,1,4,2022,2
20230411,"2023-04-11",3,"Tuesday",11,101,15,"April",4,2,2023,1,4,2022,2
20230412,"2023-04-12",4,"Wednesday",12,102,15,"April",4,2,2023,1,4,2022,2
20230413,"2023-04-13",5,"Thursday",13,103,15,"April",4,2,2023,1,4,2022,2
20230414,"2023-04-14",6,"Friday",14,104,15,"April",4,2,2023,1,4,2022,2
20230415,"2023-04-15",7,"Saturday",15,105,15,"April",4,2,2023,1,4,2022,2
20230416,"2023-04-16",1,"Sunday",16,106,16,"April",4,2,2023,1,4,2022,2
20230417,"2023-04-17",2,"Monday",17,107,16,"April",4,2,2023,1,4,2022,2
20230418,"2023-04-18",3,"Tuesday",18,108,16,"April",4,2,2023,1,4,2022,2
20230419,"2023-04-19",4,"Wednesday",19,109,16,"April",4,2,2023,1,4,2022,2
20230420,"2023-04-20",5,"Thursday",20,110,16,"April",4,2,2023,1,4,2022,2
20230421,"2023-04-21",6,"Friday",21,111,16,"April",4,2,2023,1,4,2022,2
20230422,"2023-04-22",7,"Saturday",22,112,16,"April",4,2,2023,1,4,2022,2
20230423,"2023-04-23",1,"Sunday",23,113,17,"April",4,2,2023,1,4,2022,2
20230424,"2023-04-24",2,"Monday",24,114,17,"April",4,2,2023,1,4,2022,2
20230425,"2023-04-25",3,"Tuesday",25,115,17,"April",4,2,2023,1,4,2022,2
20230426,"2023-04-26",4,"Wednesday",26,116,17,"April",4,2,2023,1,4,2022,2
20230427,"2023-04-27",5,"Thursday",27,117,17,"April",4,2,2023,1,4,2022,2
20230428,"2023-04-28",6,"Friday",28,118,17,"April",4,2,2023,1,4,2022,2
20230429,"2023-04-29",7,"Saturday",29,119,17,"April",4,2,2023,1,4,2022,2
20230430,"2023-04-30",1,"Sunday",30,120,18,"April",4,2,2023,1,4,2022,2
20230501,"2023-05-01",2,"Monday",1,121,18,"May",5,2,2023,1,4,2022,2
20230502,"2023-05-02",3,"Tuesday",2,122,18,"May",5,2,2023,1,4,2022,2
20230503,"2023-05-03",4,"Wednesday",3,123,18,"May",5,2,2023,1,4,2022,2
20230504,"2023-05-04",5,"Thursday",4,124,18,"May",5,2,2023,1,4,2022,2
20230505,"2023-05-05",6,"Friday",5,125,18,"May",5,2,2023,1,4,2022,2
20230506,"2023-05-06",7,"Saturday",6,126,18,"May",5,2,2023,1,4,2022,2
20230507,"2023-05-07",1,"Sunday",7,127,19,"May",5,2,2023,1,4,2022,2
20230508,"2023-05-08",2,"Monday",8,128,19,"May",5,2,2023,1,4,2022,2
20230509,"2023-05-09",3,"Tuesday",9,129,19,"May",5,2,2023,1,4,2022,2
20230510,"2023-05-10",4,"Wednesday",10,130,19,"May",5,2,2023,1,4,2022,2
20230511,"2023-05-11",5,"Thursday",11,131,19,"May",5,2,2023,1,4,2022,2
20230512,"2023-05-12",6,"Friday",12,132,19,"May",5,2,2023,1,4,2022,2
20230513,"2023-05-13",7,"Saturday",13,133,19,"May",5,2,2023,1,4,2022,2
20230514,"2023-05-14",1,"Sunday",14,134,20,"May",5,2,2023,1,4,2022,2
20230515,"2023-05-15",2,"Monday",15,135,20,"May",5,2,2023,1,4,2022,2
20230516,"2023-05-16",3,"Tuesday",16,136,20,"May",5,2,2023,1,4,2022,2
20230517,"2023-05-17",4,"Wednesday",17,137,20,"May",5,2,2023,1,4,2022,2
20230518,"2023-05-18",5,"Thursday",18,138,20,"May",5,2,2023,1,4,2022,2
20230519,"2023-05-19",6,"Friday",19,139,20,"May",5,2,2023,1,4,2022,2
20230520,"2023-05-20",7,"Saturday",20,140,20,"May",5,2,2023,1,4,2022,2
20230521,"2023-05-21",1,"Sunday",21,141,21,"May",5,2,2023,1,4,2022,2
20230522,"2023-05-22",2,"Monday",22,142,21,"May",5,2,2023,1,4,2022,2
20230523,"2023-05-23",3,"Tuesday",23,143,21,"May",5,2,2023,1,4,2022,2
20230524,"2023-05-24",4,"Wednesday",24,144,21,"May",5,2,2023,1,4,2022,2
20230525,"2023-05-25",5,"Thursday",25,145,21,"May",5,2,2023,1,4,2022,2
20230526,"2023-05-26",6,"Friday",26,146,21,"May",5,2,2023,1,4,2022,2
20230527,"2023-05-27",7,"Saturday",27,147,21,"May",5,2,2023,1,4,2022,2
20230528,"2023-05-28",1,"Sunday",28,148,22,"May",5,2,2023,1,4,2022,2
20230529,"2023-05-29",2,"Monday",29,149,22,"May",5,2,2023,1,4,2022,2
20230530,"2023-05-30",3,"Tuesday",30,150,22,"May",5,2,2023,1,4,2022,2
20230531,"2023-05-31",4,"Wednesday",31,151,22,"May",5,2,2023,1,4,2022,2
20230601,"2023-06-01",5,"Thursday",1,152,22,"June",6,2,2023,1,4,2022,2
20230602,"2023-06-02",6,"Friday",2,153,22,"June",6,2,2023,1,4,2022,2
20230603,"2023-06-03",7,"Saturday",3,154,22,"June",6,2,2023,1,4,2022,2
20230604,"2023-06-04",1,"Sunday",4,155,23,"June",6,2,2023,1,4,2022,2
20230605,"2023-06-05",2,"Monday",5,156,23,"June",6,2,2023,1,4,2022,2
20230606,"2023-06-06",3,"Tuesday",6,157,23,"June",6,2,2023,1,4,2022,2
20230607,"2023-06-07",4,"Wednesday",7,158,23,"June",6,2,2023,1,4,2022,2
20230608,"2023-06-08",5,"Thursday",8,159,23,"June",6,2,2023,1,4,2022,2
20230609,"2023-06-09",6,"Friday",9,160,23,"June",6,2,2023,1,4,2022,2
20230610,"2023-06-10",7,"Saturday",10,161,23,"June",6,2,2023,1,4,2022,2
20230611,"2023-06-11",1,"Sunday",11,162,24,"June",6,2,2023,1,4,2022,2
20230612,"2023-06-12",2,"Monday",12,163,24,"June",6,2,2023,1,4,2022,2
20230613,"2023-06-13",3,"Tuesday",13,164,24,"June",6,2,2023,1,4,2022,2
20230614,"2023-06-14",4,"Wednesday",14,165,24,"June",6,2,2023,1,4,2022,2
20230615,"2023-06-15",5,"Thursday",15,166,24,"June",6,2,2023,1,4,2022,2
20230616,"2023-06-16",6,"Friday",16,167,24,"June",6,2,2023,1,4,2022,2
20230617,"2023-06-17",7,"Saturday",17,168,24,"June",6,2,2023,1,4,2022,2
20230618,"2023-06-18",1,"Sunday",18,169,25,"June",6,2,2023,1,4,2022,2
20230619,"2023-06-19",2,"Monday",19,170,25,"June",6,2,2023,1,4,2022,2
20230620,"2023-06-20",3,"Tuesday",20,171,25,"June",6,2,2023,1,4,2022,2
20230621,"2023-06-21",4,"Wednesday",21,172,25,"June",6,2,2023,1,4,2022,2
20230622,"2023-06-22",5,"Thursday",22,173,25,"June",6,2,2023,1,4,2022,2
20230623,"2023-06-23",6,"Friday",23,174,25,"June",6,2,2023,1,4,2022,2
20230624,"2023-06-24",7,"Saturday",24,175,25,"June",6,2,2023,1,4,2022,2
20230625,"2023-06-25",1,"Sunday",25,176,26,"June",6,2,2023,1,4,2022,2
20230626,"2023-06-26",2,"Monday",26,177,26,"June",6,2,2023,1,4,2022,2
20230627,"2023-06-27",3,"Tuesday",27,178,26,"June",6,2,2023,1,4,2022,2
20230628,"2023-06-28",4,"Wednesday",28,179,26,"June",6,2,2023,1,4,2022,2
20230629,"2023-06-29",5,"Thursday",29,180,26,"June",6,2,2023,1,4,2022,2
20230630,"2023-06-30",6,"Friday",30,181,26,"June",6,2,2023,1,4,2022,2
20230701,"2023-07-01",7,"Saturday",1,182,26,"July",7,3,2023,2,1,2023,1
20230702,"2023-07-02",1,"Sunday",2,183,27,"July",7,3,2023,2,1,2023,1
20230703,"2023-07-03",2,"Monday",3,184,27,"July",7,3,2023,2,1,2023,1
20230704,"2023-07-04",3,"Tuesday",4,185,27,"July",7,3,2023,2,1,2023,1
20230705,"2023-07-05",4,"Wednesday",5,186,27,"July",7,3,2023,2,1,2023,1
20230706,"2023-07-06",5,"Thursday",6,187,27,"July",7,3,2023,2,1,2023,1
20230707,"2023-07-07",6,"Friday",7,188,27,"July",7,3,2023,2,1,2023,1
20230708,"2023-07-08",7,"Saturday",8,189,27,"July",7,3,2023,2,1,2023,1
20230709,"2023-07-09",1,"Sunday",9,190,28,"July",7,3,2023,2,1,2023,1
20230710,"2023-07-10",2,"Monday",10,191,28,"July",7,3,2023,2,1,2023,1
20230711,"2023-07-11",3,"Tuesday",11,192,28,"July",7,3,2023,2,1,2023,1
20230712,"2023-07-12",4,"Wednesday",12,193,28,"July",7,3,2023,2,1,2023,1
20230713,"2023-07-13",5,"Thursday",13,194,28,"July",7,3,2023,2,1,2023,1
20230714,"2023-07-14",6,"Friday",14,195,28,"July",7,3,2023,2,1,2023,1
20230715,"2023-07-15",7,"Saturday",15,196,28,"July",7,3,2023,2,1,2023,1
20230716,"2023-07-16",1,"Sunday",16,197,29,"July",7,3,2023,2,1,2023,1
20230717,"2023-07-17",2,"Monday",17,198,29,"July",7,3,2023,2,1,2023,1
20230718,"2023-07-18",3,"Tuesday",18,199,29,"July",7,3,2023,2,1,2023,1
20230719,"2023-07-19",4,"Wednesday",19,200,29,"July",7,3,2023,2,1,2023,1
20230720,"2023-07-20",5,"Thursday",20,201,29,"July",7,3,2023,2,1,2023,1
20230721,"2023-07-21",6,"Friday",21,202,29,"July",7,3,2023,2,1,2023,1
20230722,"2023-07-22",7,"Saturday",22,203,29,"July",7,3,2023,2,1,2023,1
20230723,"2023-07-23",1,"Sunday",23,204,30,"July",7,3,2023,2,1,2023,1
20230724,"2023-07-24",2,"Monday",24,205,30,"July",7,3,2023,2,1,2023,1
20230725,"2023-07-25",3,"Tuesday",25,206,30,"July",7,3,2023,2,1,2023,1
20230726,"2023-07-26",4,"Wednesday",26,207,30,"July",7,3,2023,2,1,2023,1
20230727,"2023-07-27",5,"Thursday",27,208,30,"July",7,3,2023,2,1,2023,1
20230728,"2023-07-28",6,"Friday",28,209,30,"July",7,3,2023,2,1,2023,1
20230729,"2023-07-29",7,"Saturday",29,210,30,"July",7,3,2023,2,1,2023,1
20230730,"2023-07-30",1,"Sunday",30,211,31,"July",7,3,2023,2,1,2023,1
20230731,"2023-07-31",2,"Monday",31,212,31,"July",7,3,2023,2,1,2023,1
20230801,"2023-08-01",3,"Tuesday",1,213,31,"August",8,3,2023,2,1,2023,1
20230802,"2023-08-02",4,"Wednesday",2,214,31,"August",8,3,2023,2,1,2023,1
20230803,"2023-08-03",5,"Thursday",3,215,31,"August",8,3,2023,2,1,2023,1
20230804,"2023-08-04",6,"Friday",4,216,31,"August",8,3,2023,2,1,2023,1
20230805,"2023-08-05",7,"Saturday",5,217,31,"August",8,3,2023,2,1,2023,1
20230806,"2023-08-06",1,"Sunday",6,218,32,"August",8,3,2023,2,1,2023,1
20230807,"2023-08-07",2,"Monday",7,219,32,"August",8,3,2023,2,1,2023,1
20230808,"2023-08-08",3,"Tuesday",8,220,32,"August",8,3,2023,2,1,2023,1
20230809,"2023-08-09",4,"Wednesday",9,221,32,"August",8,3,2023,2,1,2023,1
20230810,"2023-08-10",5,"Thursday",10,222,32,"August",8,3,2023,2,1,2023,1
20230811,"2023-08-11",6,"Friday",11,223,32,"August",8,3,2023,2,1,2023,1
20230812,"2023-08-12",7,"Saturday",12,224,32,"August",8,3,2023,2,1,2023,1
20230813,"2023-08-13",1,"Sunday",13,225,33,"August",8,3,2023,2,1,2023,1
20230814,"2023-08-14",2,"Monday",14,226,33,"August",8,3,2023,2,1,2023,1
20230815,"2023-08-15",3,"Tuesday",15,227,33,"August",8,3,2023,2,1,2023,1
20230816,"2023-08-16",4,"Wednesday",16,228,33,"August",8,3,2023,2,1,2023,1
20230817,"2023-08-17",5,"Thursday",17,229,33,"August",8,3,2023,2,1,2023,1
20230818,"2023-08-18",6,"Friday",18,230,33,"August",8,3,2023,2,1,2023,1
20230819,"2023-08-19",7,"Saturday",19,231,33,"August",8,3,2023,2,1,2023,1
20230820,"2023-08-20",1,"Sunday",20,232,34,"August",8,3,2023,2,1,2023,1
20230821,"2023-08-21",2,"Monday",21,233,34,"August",8,3,2023,2,1,2023,1
20230822,"2023-08-22",3,"Tuesday",22,234,34,"August",8,3,2023,2,1,2023,1
20230823,"2023-08-23",4,"Wednesday",23,235,34,"August",8,3,2023,2,1,2023,1
20230824,"2023-08-24",5,"Thursday",24,236,34,"August",8,3,2023,2,1,2023,1
20230825,"2023-08-25",6,"Friday",25,237,34,"August",8,3,2023,2,1,2023,1
20230826,"2023-08-26",7,"Saturday",26,238,34,"August",8,3,2023,2,1,2023,1
20230827,"2023-08-27",1,"Sunday",27,239,35,"August",8,3,2023,2,1,2023,1
20230828,"2023-08-28",2,"Monday",28,240,35,"August",8,3,2023,2,1,2023,1
20230829,"2023-08-29",3,"Tuesday",29,241,35,"August",8,3,2023,2,1,2023,1
20230830,"2023-08-30",4,"Wednesday",30,242,35,"August",8,3,2023,2,1,2023,1
20230831,"2023-08-31",5,"Thursday",31,243,35,"August",8,3,2023,2,1,2023,1
20230901,"2023-09-01",6,"Friday",1,244,35,"September",9,3,2023,2,1,2023,1
20230902,"2023-09-02",7,"Saturday",2,245,35,"September",9,3,2023,2,1,2023,1
20230903,"2023-09-03",1,"Sunday",3,246,36,"September",9,3,2023,2,1,2023,1
20230904,"2023-09-04",2,"Monday",4,247,36,"September",9,3,2023,2,1,2023,1
20230905,"2023-09-05",3,"Tuesday",5,248,36,"September",9,3,2023,2,1,2023,1
20230906,"2023-09-06",4,"Wednesday",6,249,36,"September",9,3,2023,2,1,2023,1
20230907,"2023-09-07",5,"Thursday",7,250,36,"September",9,3,2023,2,1,2023,1
20230908,"2023-09-08",6,"Friday",8,251,36,"September",9,3,2023,2,1,2023,1
20230909,"2023-09-09",7,"Saturday",9,252,36,"September",9,3,2023,2,1,2023,1
20230910,"2023-09-10",1,"Sunday",10,253,37,"September",9,3,2023,2,1,2023,1
20230911,"2023-09-11",2,"Monday",11,254,37,"September",9,3,2023,2,1,2023,1
20230912,"2023-09-12",3,"Tuesday",12,255,37,"September",9,3,2023,2,1,2023,1
20230913,"2023-09-13",4,"Wednesday",13,256,37,"September",9,3,2023,2,1,2023,1
20230914,"2023-09-14",5,"Thursday",14,257,37,"September",9,3,2023,2,1,2023,1
20230915,"2023-09-15",6,"Friday",15,258,37,"September",9,3,2023,2,1,2023,1
20230916,"2023-09-16",7,"Saturday",16,259,37,"September",9,3,2023,2,1,2023,1
20230917,"2023-09-17",1,"Sunday",17,260,38,"September",9,3,2023,2,1,2023,1
20230918,"2023-09-18",2,"Monday",18,261,38,"September",9,3,2023,2,1,2023,1
20230919,"2023-09-19",3,"Tuesday",19,262,38,"September",9,3,2023,2,1,2023,1
20230920,"2023-09-20",4,"Wednesday",20,263,38,"September",9,3,2023,2,1,2023,1
20230921,"2023-09-21",5,"Thursday",21,264,38,"September",9,3,2023,2,1,2023,1
20230922,"2023-09-22",6,"Friday",22,265,38,"September",9,3,2023,2,1,2023,1
20230923,"2023-09-23",7,"Saturday",23,266,38,"September",9,3,2023,2,1,2023,1
20230924,"2023-09-24",1,"Sunday",24,267,39,"September",9,3,2023,2,1,2023,1
20230925,"2023-09-25",2,"Monday",25,268,39,"September",9,3,2023,2,1,2023,1
20230926,"2023-09-26",3,"Tuesday",26,269,39,"September",9,3,2023,2,1,2023,1
20230927,"2023-09-27",4,"Wednesday",27,270,39,"September",9,3,2023,2,1,2023,1
20230928,"2023-09-28",5,"Thursday",28,271,39,"September",9,3,2023,2,1,2023,1
20230929,"2023-09-29",6,"Friday",29,272,39,"September",9,3,2023,2,1,2023,1
20230930,"2023-09-30",7,"Saturday",30,273,39,"September",9,3,2023,2,1,2023,1
20231001,"2023-10-01",1,"Sunday",1,274,40,"October",10,4,2023,2,2,2023,1
20231002,"2023-10-02",2,"Monday",2,275,40,"October",10,4,2023,2,2,2023,1
20231003,"2023-10-03",3,"Tuesday",3,276,40,"October",10,4,2023,2,2,2023,1
20231004,"2023-10-04",4,"Wednesday",4,277,40,"October",10,4,2023,2,2,2023,1
20231005,"2023-10-05",5,"Thursday",5,278,40,"October",10,4,2023,2,2,2023,1
20231006,"2023-10-06",6,"Friday",6,279,40,"October",10,4,2023,2,2,2023,1
20231007,"2023-10-07",7,"Saturday",7,280,40,"October",10,4,2023,2,2,2023,1
20231008,"2023-10-08",1,"Sunday",8,281,41,"October",10,4,2023,2,2,2023,1
20231009,"2023-10-09",2,"Monday",9,282,41,"October",10,4,2023,2,2,2023,1
20231010,"2023-10-10",3,"Tuesday",10,283,41,"October",10,4,2023,2,2,2023,1
20231011,"2023-10-11",4,"Wednesday",11,284,41,"October",10,4,2023,2,2,2023,1
20231012,"2023-10-12",5,"Thursday",12,285,41,"October",10,4,2023,2,2,2023,1
20231013,"2023-10-13",6,"Friday",13,286,41,"October",10,4,2023,2,2,2023,1
20231014,"2023-10-14",7,"Saturday",14,287,41,"October",10,4,2023,2,2,2023,1
20231015,"2023-10-15",1,"Sunday",15,288,42,"October",10,4,2023,2,2,2023,1
20231016,"2023-10-16",2,"Monday",16,289,42,"October",10,4,2023,2,2,2023,1
20231017,"2023-10-17",3,"Tuesday",17,290,42,"October",10,4,2023,2,2,2023,1
20231018,"2023-10-18",4,"Wednesday",18,291,42,"October",10,4,2023,2,2,2023,1
20231019,"2023-10-19",5,"Thursday",19,292,42,"October",10,4,2023,2,2,2023,1
20231020,"2023-10-20",6,"Friday",20,293,42,"October",10,4,2023,2,2,2023,1
20231021,"2023-10-21",7,"Saturday",21,294,42,"October",10,4,2023,2,2,2023,1
20231022,"2023-10-22",1,"Sunday",22,295,43,"October",10,4,2023,2,2,2023,1
20231023,"2023-10-23",2,"Monday",23,296,43,"October",10,4,2023,2,2,2023,1
20231024,"2023-10-24",3,"Tuesday",24,297,43,"October",10,4,2023,2,2,2023,1
20231025,"2023-10-25",4,"Wednesday",25,298,43,"October",10,4,2023,2,2,2023,1
20231026,"2023-10-26",5,"Thursday",26,299,43,"October",10,4,2023,2,2,2023,1
20231027,"2023-10-27",6,"Friday",27,300,43,"October",10,4,2023,2,2,2023,1
20231028,"2023-10-28",7,"Saturday",28,301,43,"October",10,4,2023,2,2,2023,1
20231029,"2023-10-29",1,"Sunday",29,302,44,"October",10,4,2023,2,2,2023,1
20231030,"2023-10-30",2,"Monday",30,303,44,"October",10,4,2023,2,2,2023,1
20231031,"2023-10-31",3,"Tuesday",31,304,44,"October",10,4,2023,2,2,2023,1
20231101,"2023-11-01",4,"Wednesday",1,305,44,"November",11,4,2023,2,2,2023,1
20231102,"2023-11-02",5,"Thursday",2,306,44,"November",11,4,2023,2,2,2023,1
20231103,"2023-11-03",6,"Friday",3,307,44,"November",11,4,2023,2,2,2023,1
20231104,"2023-11-04",7,"Saturday",4,308,44,"November",11,4,2023,2,2,2023,1
20231105,"2023-11-05",1,"Sunday",5,309,45,"November",11,4,2023,2,2,2023,1
20231106,"2023-11-06",2,"Monday",6,310,45,"November",11,4,2023,2,2,2023,1
20231107,"2023-11-07",3,"Tuesday",7,311,45,"November",11,4,2023,2,2,2023,1
20231108,"2023-11-08",4,"Wednesday",8,312,45,"November",11,4,2023,2,2,2023,1
20231109,"2023-11-09",5,"Thursday",9,313,45,"November",11,4,2023,2,2,2023,1
20231110,"2023-11-10",6,"Friday",10,314,45,"November",11,4,2023,2,2,2023,1
20231111,"2023-11-11",7,"Saturday",11,315,45,"November",11,4,2023,2,2,2023,1
20231112,"2023-11-12",1,"Sunday",12,316,46,"November",11,4,2023,2,2,2023,1
20231113,"2023-11-13",2,"Monday",13,317,46,"November",11,4,2023,2,2,2023,1
20231114,"2023-11-14",3,"Tuesday",14,318,46,"November",11,4,2023,2,2,2023,1
20231115,"2023-11-15",4,"Wednesday",15,319,46,"November",11,4,2023,2,2,2023,1
20231116,"2023-11-16",5,"Thursday",16,320,46,"November",11,4,2023,2,2,2023,1
20231117,"2023-11-17",6,"Friday",17,321,46,"November",11,4,2023,2,2,2023,1
20231118,"2023-11-18",7,"Saturday",18,322,46,"November",11,4,2023,2,2,2023,1
20231119,"2023-11-19",1,"Sunday",19,323,47,"November",11,4,2023,2,2,2023,1
20231120,"2023-11-20",2,"Monday",20,324,47,"November",11,4,2023,2,2,2023,1
20231121,"2023-11-21",3,"Tuesday",21,325,47,"November",11,4,2023,2,2,2023,1
20231122,"2023-11-22",4,"Wednesday",22,326,47,"November",11,4,2023,2,2,2023,1
20231123,"2023-11-23",5,"Thursday",23,327,47,"November",11,4,2023,2,2,2023,1
20231124,"2023-11-24",6,"Friday",24,328,47,"November",11,4,2023,2,2,2023,1
20231125,"2023-11-25",7,"Saturday",25,329,47,"November",11,4,2023,2,2,2023,1
20231126,"2023-11-26",1,"Sunday",26,330,48,"November",11,4,2023,2,2,2023,1
20231127,"2023-11-27",2,"Monday",27,331,48,"November",11,4,2023,2,2,2023,1
20231128,"2023-11-28",3,"Tuesday",28,332,48,"November",11,4,2023,2,2,2023,1
20231129,"2023-11-29",4,"Wednesday",29,333,48,"November",11,4,2023,2,2,2023,1
20231130,"2023-11-30",5,"Thursday",30,334,48,"November",11,4,2023,2,2,2023,1
20231201,"2023-12-01",6,"Friday",1,335,48,"December",12,4,2023,2,2,2023,1
20231202,"2023-12-02",7,"Saturday",2,336,48,"December",12,4,2023,2,2,2023,1
20231203,"2023-12-03",1,"Sunday",3,337,49,"December",12,4,2023,2,2,2023,1
20231204,"2023-12-04",2,"Monday",4,338,49,"December",12,4,2023,2,2,2023,1
20231205,"2023-12-05",3,"Tuesday",5,339,49,"December",12,4,2023,2,2,2023,1
20231206,"2023-12-06",4,"Wednesday",6,340,49,"December",12,4,2023,2,2,2023,1
20231207,"2023-12-07",5,"Thursday",7,341,49,"December",12,4,2023,2,2,2023,1
20231208,"2023-12-08",6,"Friday",8,342,49,"December",12,4,2023,2,2,2023,1
20231209,"2023-12-09",7,"Saturday",9,343,49,"December",12,4,2023,2,2,2023,1
20231210,"2023-12-10",1,"Sunday",10,344,50,"December",12,4,2023,2,2,2023,1
20231211,"2023-12-11",2,"Monday",11,345,50,"December",12,4,2023,2,2,2023,1
20231212,"2023-12-12",3,"Tuesday",12,346,50,"December",12,4,2023,2,2,2023,1
20231213,"2023-12-13",4,"Wednesday",13,347,50,"December",12,4,2023,2,2,2023,1
20231214,"2023-12-14",5,"Thursday",14,348,50,"December",12,4,2023,2,2,2023,1
20231215,"2023-12-15",6,"Friday",15,349,50,"December",12,4,2023,2,2,2023,1
20231216,"2023-12-16",7,"Saturday",16,350,50,"December",12,4,2023,2,2,2023,1
20231217,"2023-12-17",1,"Sunday",17,351,51,"December",12,4,2023,2,2,2023,1
20231218,"2023-12-18",2,"Monday",18,352,51,"December",12,4,2023,2,2,2023,1
20231219,"2023-12-19",3,"Tuesday",19,353,51,"December",12,4,2023,2,2,2023,1
20231220,"2023-12-20",4,"Wednesday",20,354,51,"December",12,4,2023,2,2,2023,1
20231221,"2023-12-21",5,"Thursday",21,355,51,"December",12,4,2023,2,2,2023,1
20231222,"2023-12-22",6,"Friday",22,356,51,"December",12,4,2023,2,2,2023,1
20231223,"2023-12-23",7,"Saturday",23,357,51,"December",12,4,2023,2,2,2023,1
20231224,"2023-12-24",1,"Sunday",24,358,52,"December",12,4,2023,2,2,2023,1
20231225,"2023-12-25",2,"Monday",25,359,52,"December",12,4,2023,2,2,2023,1
20231226,"2023-12-26",3,"Tuesday",26,360,52,"December",12,4,2023,2,2,2023,1
20231227,"2023-12-27",4,"Wednesday",27,361,52,"December",12,4,2023,2,2,2023,1
20231228,"2023-12-28",5,"Thursday",28,362,52,"December",12,4,2023,2,2,2023,1
20231229,"2023-12-29",6,"Friday",29,363,52,"December",12,4,2023,2,2,2023,1
20231230,"2023-12-30",7,"Saturday",30,364,52,"December",12,4,2023,2,2,2023,1
20231231,"2023-12-31",1,"Sunday",31,365,53,"December",12,4,2023,2,2,2023,1
